Amir,1,5 MAD,Tails,xxxthxhxtxththhhthttthxhthtthxxhhttxxxxhtxxttthtxthhtxtttththtxthttthtxhththhhthhhhhhxhtxhhhhtthxththhhhhhthhttthtxhhhxhhtht
Amir,2,5 MAD,Tails,thhxxhhhxttttttthttthhttttxhthhhhthththtxhththhxtthhhtthhhxtxtthttthtththtththhhthhhtthtthhhthtxhxhxhhhxhthhhhxhh
Amir,3,5 MAD,Heads,hthhtttxtxhhttthtthxtthhhhthhhxhhhthtttxhtthtxxhxhxhhhthtthhtxhhxhhthxhhtttxhtththtthttttxhtthhhtxtthhhhthhhtxxthhhtxxh
Amir,4,5 MAD,Tails,xhxthhhhxththhttxhhhhhxxhttxhtxtttxthhxtxthhhtxhtxttthtththhththhhttthtttthttttxththhtxtthhttthhxhhhtthhtxttxttxhhthxxhxxhh
Amir,5,5 MAD,Tails,hhhhhhthhthhhhxthxtxttthtxhhhthtthxhhhththxhtxtttxhththttxxthhhxhthhthtththhtxhthtttttthhthtxttxthhthththxxthttxhtttt
Amir,6,5 MAD,Tails,hhhthtthhhhxtthttxhhtxthhthtxhtxhhtxhthtxhtxhhhhtxhthhththththxxthtxhhhhhxhtxttththhhthxththxhtttttththtxhthtthththth
Amir,7,5 MAD,Tails,tthxtxthhhxxhtthxthhthhthtttthtxhtxhhhxhhxtxhhtxttxhhhhxhhththxtxhhththtxxhhhhhtxtthhxhxthhtttttttthhtxhthxxhtxhxththtttththtt
Amir,8,5 MAD,Heads,xtxxhxhtttthhhtthtthtthxxhhhhthhxtthhhxxxhxthttxhhhhxxhttthhhxthxtxhhhhtxxhthhtxtxtttxhtxtthhhhtxhxhthxhxthhxtxhxtthhhthhhthhtttxth
Amir,9,5 MAD,Heads,xhxthttxxthxhhxthxxhxttthhhttthhhhtthtthttttxhhhhhtthhxthxxhxxthttxxtthttthhhhhhtttxththhhhhtthhxxhhthxhthxxhttththtxhthtttt
Amir,10,5 MAD,Heads,xtxthhhtxtxthxthttxhhhhtttththhtthhthhhttthtttttxxtxthxhxhhxhttttthxhtxtthhhhthxtxhtthhxhttthhhxthhhhhxhtxhthhttxhhtttthxt
Amir,11,2 MAD,Tails,tthhxxxxhhhhthtxhhhthtthxthhhthhthtthhtxtthttxhthtttttxttxthhhhxtxhhxxhhthhxxtxththxtthhxttxttthththhhhxhhtthhxttxthtthxthxhh
Amir,12,2 MAD,Heads,hhhxtttthhtthttxttxhxtxttxththtxhtttxhhxttthhxtxhxhthxhhhthhtxhtttttthhxtxhththhhhhtththhhthtxxhhxttxthxxxthtthhhhtxhtttxhtxht
Amir,13,2 MAD,Heads,hhhthhhtththttthhhthttththtxtththxxxhhtthhhhtxtxhhhtthxtxttththhhttthtthhhtxhhttthxtthhhhhxxhttxhtttttxxhhtxhttthhht
Amir,14,2 MAD,Tails,ttxhtttxhtttxhththhhhhhxxxxhthhxhtththhhthhtxxtthttxhhhtxhxththtxhttththxthhhthxhthhxxhththtthhhxthxhhtxhxttthhxhtxhthththth
Amir,15,2 MAD,Heads,xhtxxhhhhttttxhhthhtxthttttthhthtththhhtxhtttxthhhtthhhtthhthhttxhhhthxtxttthtxththtxththhthtttthhthhxhhxtxtthxhxxtthh
Amir,16,2 MAD,Tails,hhxthxttxtthttxxtttthttxtththhhttxxhxtxttththtthhxttxhthhxhhtxxthhhthththththxhhtthhthtxhthttxtttttthttttthxhtthtxhxhthtt
Amir,17,2 MAD,Tails,hhxhhhthhhhthhththhhhxhxhhxtxhhxthhxtxthhhtxthhxtxhththhhhtttthhhtxtthxxhxhxhhhttxxhhxtxxtxtttththttxtxthtxthxhhhhhhtthxhhttthh
Amir,18,2 MAD,Heads,tthhttxhttxtthttxtxhtxtthxhxtxhxthtthhthtxttththxxhtththhthhthhtthxtxhhhxxtththtttththxhtthtxxhhhhhthhhhthhthhtxxthxhtxhtxtt
Amir,19,2 MAD,Tails,hxxhxtttxtthhhthhthhhhthhxtthttxthxthhxhhtxtttthttthxthtthxxxthhhxhthhtxttttxtttttxthhhxthxhtttthhhttxthtthxtxthhtxttxxxhhtxhth
Amir,20,2 MAD,Tails,txhttthtxxhhhthtxxhhthxhhtxtxttxtxthxhxtxhxtttttxtttttthhhththxthhhhhtttxthhttthhxhthtttxhxxhthhhtthhtttxththhxttthhtxthttxhh
Amir,21,1 MAD,Tails,htttthhhtxththxtthtttxthtxthttxhhxttttttxhththhtthtxtxtthttthttxtxhhthttttxhthtxtxhhxhhhxxthhtxttthtxxhtxtxhxhhxxthxthhtxththtt
Amir,22,1 MAD,Heads,thtxhthttthhhthxhththxtxxhxhhhtttxthttttthhhtththhtththhhxhththhthhhhtthtthththtxhhhxhtthxxthxxxhhthhtxthhththhhxhtth
Amir,23,1 MAD,Tails,hhththhtthxthttttthhttthxthxtthtttxttttxtthhhtthxhxhthhhhhhxthxxtttthhhtxthttthhhhxhthttthhtxththhxtxhhhhhhxhtthtxtth
Amir,24,1 MAD,Heads,tthtxhtthtthhhtthhhtthtthhthxxhhthxhhhttthttthhhxtththhhhxhhxthhxthtxhhxttxhtxxhhxhhhhhhxxtthhthxhthxxttthxhthtththxxththh
Amir,25,1 MAD,Heads,tthhhtttttxhhtttthxhxthhthtxtttthhthhhthhttthttttthhhtxhhthxhhxxxthhhxhthxhxhxhthxtthtttthhtthhthhxthtxxhtxhtthhttthth
Amir,26,1 MAD,Heads,tttxhhxththhhxttxhxttxthhttxtxhtxhxthxhtttthhhtxthttthtthththtttttxhtttxhthxthtthtxhtxhxtxttthhtthhthhhhhtthxthtththhhhh
Amir,27,1 MAD,Tails,thhthhhhxhxtxtthhhthhxhhhttxhttthhhhxtxxththththtthxtttxhhxthxtxhthhthhhtthtttthhxttttxthtxhhhhtxhhtxttthxhhthttththttt
Amir,28,1 MAD,Heads,hhhtxthhxthxhtxhhhhhxhxhhhthhthxtthtttthtttthttxhhthhxhhhthhtthtttxhxxhhhxtthttxxxttthhthhxhhthhhxhtthhhxthxhhhhxhhxhthhxth
Amir,29,1 MAD,Tails,hhhthhhttthtttththhtxthhhthhxhhxhhhhththxtthttthhhthtthtthhthtttttthhxttxttxhttthhtththhthtttthxthxtthtxhttttt
Amir,30,1 MAD,Heads,thttttttxxhthxthhhttttthhxthtttxhxttthxhttthhhxhxthhhthxxtthhtxxhthhhxxthhtxtxhttttxhthhtxhhxhhhxttththtxthhtthhhhhthhthht
Amir,31,0.5 NZD,Heads,xhhtxxtttxhtxthtthhxxttttttxhtxthhhhtttxxtthxthhtthhhthhttttxthxxxxthxhhthhthtttxthhttttxxhttththhhhthxhhthhhttthhhhtttttt
Amir,32,0.5 NZD,Heads,hhhhhtxthxhhtththxhhhhhttxhhtxxthhhtttttxthhttxthttxhthtttxxhhhtthttxhhhtthxxththxhthtthxthtththhhhhxxttthhthxhxtxththttt
Amir,33,0.5 NZD,Tails,hhxtthtxhhthththxhtxhxxtxhxttthhththhxhhttttxthhhtttthxxtthhtxhhttthhhthhthhhhhttttthtxtxhhhttxtttttxhhthtthhhtthhttxh
Amir,34,0.5 NZD,Tails,txhhxhhttthhttththhhxhttxhhhtthtthxhhhtthhtxthhtxthttthhxthhxxtttxthtxhhhxxhttththttthxhhtxhxxxtxtxhtxththhttxxttxhtxthhxhtttht
Amir,35,0.5 NZD,Tails,ttttttthtxhhthxtxhtxthhthhttttthhhxhtxhxththtthhhhhtttttthhxtthttxhhxtttxhhhxxththxtxthththtxxxthxhtttthxtththhhhhhthtth
Amir,36,0.5 NZD,Tails,tttthtxhhttxthhhthtthxhxhhtxthhttxhhhhhxthxtxthhhhhttxtttthttxhhhhhthhhhthttxttttxththtttxtththhxthxxttxthhtxttththxttht
Amir,37,0.5 NZD,Heads,hxxthtxhhtxxthtxttxhhhtxthtthtthhhhhthhtxttxxxhtthhhhttthtxxtthhthxxhthxhhhtthhxthtxthtttxxxtxhttthhtxtthtxxtttthxhthhtttthxtxhth
Amir,38,0.5 NZD,Tails,hthhttxthhxhhhhhhhhthhxhttthtthttthhthxhhhtthtthttxxhtthhxthththttttxhttthththtthhhxtthtthxtthhhhhhhttxththttht
Amir,39,0.5 NZD,Tails,xxhhthththhhhtthhtthttththtxtththhhxhththhhthxthhthtthtxthtthhththxttxtxthhxhtthhxhhthhxtththtthxtxhtttxthxthhttxxhhhh
Amir,40,0.5 NZD,Heads,thtthxhthhhthxttthhhhhhhtthhttthhtttthhhtxhtthxtttthtthxhhtthttthhhthtxththhthhhttxtxtxhhtxhtxtxhhttxtxhttththhtht
Amir,41,5 MAD,Tails,thtthtthhttttthtththxtthtthhhxththtthhtthtxtthtthhthtttxhxhtttthhthhxhthtthtthhthxthtthhttthhhhhtthxhhhhxtxttt
Amir,42,5 MAD,Heads,ttxttthxxtxthhttthtxthhhththhhhthhhthtxxhttttxtxhhhhthhtxhthhxhhxhhhhxhxhhxhtxttthtthttxthtxxhhxthxhthhhxhxhttxtttthxtxhtthhth
Amir,43,5 MAD,Tails,hhxxthtttthtxtththtttthtthtthtxhhxhthhhxhtxtthxxhxttxxtttttthttththttththtxxhttththttttttthhxttttxxtthhhhxhthttttthttxt
Amir,44,5 MAD,Tails,hhhhxhxhhthhthtttxttttxttttthttthtttthththhhhhthhhxthhthhtthxttxxttththhthxthhttxhtxhhhhttttththttxhtttttthtttxtt
Amir,45,5 MAD,Tails,txhhhxhthxhhthhxxhxthxttttthxththhhhtxtthxtttthhthxtttttthtthththxtxththtththhtthxtthxhtxhxhtthxtththhtttthxxththtttthtt
Amir,46,5 MAD,Tails,htxxhhhhhhthtthtthttthhxxthhhxtthxthttttthhhhtthtthtxtxthttxhhthhthhthhhhthttthhtttthhhthhtthhhtthxhhhhxhhxhhxhht
Amir,47,5 MAD,Heads,hthxhthtttthhhthxttthhthxthhhhhhxthhhhhtthhtthhttththhhhhtthhxththhhhhtthhhhhtxtxxthhhttxtththhtthtthhthhthtxt
Amir,48,5 MAD,Tails,hhthhtxhtxhhhhhhhxhthxhttxthtttxhtthhhhhhtthththttxhhhttthxttxhxththxhthxhhhtxtxtththhhthhhtttttthtxhtthttttxhxhhhhxht
Amir,49,5 MAD,Tails,xtthhhhhttttthhxhxhhhhhtthhhxxtxtthhxhthxhhttxtttthttthhtthhtthtxhhttthhttthxhtththhhhthhtxhxhttxxhhhxttthttththhhht
Amir,50,5 MAD,Tails,thxhtxhtxhtttttthhhhthxtthhhhtttttxththtxxttthhthhtthhthtxttthtxhhxththhxthhhthxtthtxxxhhttthttthttthxhxthhhttxhthhhth
Amir,51,2 MAD,Tails,hxxhtxhhtthttxhtttxhtthhhtxthhtthhhhhhxhtxtththhxthxthhxtthxhttthhttthhthtttthhtththxttxhhthxttttththhtthhhhthhthht
Amir,52,2 MAD,Tails,hhthhhhththhtttthhthtxthhhhhhhthxtthxthtxtthhthtthhtxhttxtxthxhxtthhhttthhhtthhhhthtxhxthhhhhtthxtthhhhhhtxhtthxht
Amir,53,2 MAD,Heads,ttxxththtxtthhthhthhhhxthxtthththththhhhththhhhtxhxtthhtthhtthhthhxtthhtthththttthtthhhthxtxtthtxhhtxthxhthhtthhh
Amir,54,2 MAD,Tails,ttxhthtxhthhthhhxhxhhhhtxhxhtthththttthtthxththttththhhhhthtttxhhxhtththhhtxxtxtthhththhhhtthhxtttthhhthhxxhhthhhtt
Amir,55,2 MAD,Heads,hthhxhhhxxtxxththhthtthhhhthhhhthhthtththhhttthhxxhhhhtthtxtxhhhhhthhxxtththhhththxttttttxtxththxttthhtthttxhhththhh
Amir,56,2 MAD,Heads,xthhxtththhhhttthhtttthxhhhtttxxthtthhhhtxthxxttttthhhhhttxxxttxhhxttthhhhtxxhxtxttthhhhxttxttttxhhhtxhhhhtthhhhtthxttthth
Amir,57,2 MAD,Tails,thhtthxhhtttxhtttttththhttthhhtxhhtxhhthhththhththhtxhxththtxtxhhhtttthhthhthhxthhhhhhhhttthththththhxhtththtxh
Amir,58,2 MAD,Heads,hthtthhxhtxhxththxxhtththhtththhxthxhhhxxxthhtxhttthhtthhthhhtxtthhthhhttthhtththtxthxttthhhtttthxhthhthtxhtthxtxthhth
Amir,59,2 MAD,Tails,ththhthxxthhtxttxttxtttttthhhhxthxthhhxtthxhthththhhtttttttthhhhhhhtxhxhhxxhxtxhxhhxxhxhhthththhthtthhxhttthttthttthhttxt
Amir,60,2 MAD,Heads,ttthxtthhhhhxhhhtthhhhhtxxthtththhhhtthhthhxhhhhxthtthhxhhhxxxthhhxtthxhtttttttxttthxttxhhtthttxhxtttththtttthttthhht
Amir,61,1 MAD,Heads,hthhthxhhthxhthxhthxhttthhttttxtxhtxxhthtthhhxtthtthththhxhhhhxhxttttxxthhthtxthttttttttththtxxhhtttttxtxtxtxhhtthtxxhtthht
Amir,62,1 MAD,Heads,htxtththtttxhtthttttxhhthhththttthtttthhhthtxthhhxhxttthhtthhhtthtxtxxhhhhxtxhhhhtttthxtthhhhxhtththhhhhthhhhhhtt
Amir,63,1 MAD,Heads,hhxtxttttxhthtthtxhhthhhxhhhhxhhhxtthhtxthhtxhhhththhththththhthhxhthhttthhtthttxttxhxhthxthhtxhxxhxhxtthhtxhthxttxhtththh
Amir,64,1 MAD,Tails,thtxhhhthhhhththhhththtthtthxhhhthttxtthttthttthhtttthtxthtttthhxhthhhxxthtththxthxhxthhttthhhhhxtthhhhxhhtthtxht
Amir,65,1 MAD,Heads,hhtxththxthttthhhthhhthxhthhthtttthhhtxhtthhhxthhxhhtthhhhxhhxhththhttthhhthttxhtttththhthhhhxthhththhttthttht
Amir,66,1 MAD,Heads,thtthhhhhhthttththtthhhthtthhhhtxttththhhhthhtthtththxtthhhhhhttttttxhhthhhtthhhxthhxtxthhthhthhhttxhtthttxt
Amir,67,1 MAD,Tails,xhxtththxtthhhxttxhthtxtxthxxxhthtththhhtthhthtttttttxxttxtthxxhtttttxttthhthtxthxhtxhhhhthtxhtxxxtthtxhthhthhttxxhttxhhthtthhh
Amir,68,1 MAD,Tails,htthhhththhtththhhhhthxhththhtxhhxhtthhhhthttthhhthhhthhhhhthhtxhhhthhtththtttththhtxthhxhhtttthtxhhthxhthhh
Amir,69,1 MAD,Tails,httthxxthhthhtthhhhthhhhttthtttthttttththhhhhxhhthhtththtttththhtthtthttthhttthhxtthhtxhhxtthhhhhhthtthhxtt
Amir,70,1 MAD,Tails,htttxttthtxhthtttthtthtxtttttxhxhxhttthhthtthhhhhhhhhtthththttthhhththhhxtttthxthtththtxhhththxhhxtttttxtxhhxtxhtth
Amir,71,0.5 NZD,Tails,hhhxhxhtttxhthttttxhhhthhtthhhthxhxtthttthtttttttthththxhtxhhhttthhhhththththhttxhxxtxhhhhthxhhttthxtthtxthththtthtttttxhxthxtht
Amir,72,0.5 NZD,Heads,tthhtxtttthxhhhhhhtthttttthxthxxhhhthxxhhhttxhthxttthhhxtthhhxhhhxxxthtxhhhtxhhtxhttxxttxxhhhxtthxhhthxtxthttxttxthttxhhtthtxttht
Amir,73,0.5 NZD,Heads,hhhthhttxttthtthtttthhtthhhtxttxthhxxhhxxtxtthththhthtthxhthhhhhhxthhththxxhhtthhhhhhhhhthtttthhthhhhxhhhhthtxxhtth
Amir,74,0.5 NZD,Tails,hxxhththttttthhttthhthxtxtthhthttttttxhhtttthhxhhthxhtthttttxhxthhttxhhhtttxhhttxhhhhhtttththhhhhhxxthhhtththhhttt
Amir,75,0.5 NZD,Tails,thtxttthhxththtthhtttthhhxxhxhhhthttttthxhtxthtxhtththxhttthhhtthxthttththtthttthtxtththhhhxtxthhhttthhhhthtthtxth
Amir,76,0.5 NZD,Tails,hhhthhhhthxttxxhtthxhhhhthttthxtxhhxhthxxhthhxhtthhthtttthxttthhxthxhhtxttxhhxxhhhttxhhhhhxtthhhhhhhthtthxxxhhthttxtxttthhxtht
Amir,77,0.5 NZD,Heads,hhhhthhttthxhtththhxhthtthhththhthhhttthhhhttxhhxtthhtxhhhthxthttttxtxtthtthhhhhtttthtxxttththhhthhxttxthhthxttth
Amir,78,0.5 NZD,Heads,hhhhhtxthttthxxhththhthtxhhxhhtxhtxtthththttthtxhthtxxtxttthxtxthxhttxttxhththxthhhtxhthxxhhxhxttthhhhttxtthhxtthtthtxtttttth
Amir,79,0.5 NZD,Tails,hhttththhhhtttthxtxtthhtttxhhhtxhhttxththtxxhhhhhhtthtththtxhthtxhhhxthhhhhhhhttththttthhxhttthhhhhthxthxhththxhxht
Amir,80,0.5 NZD,Tails,xthhtxttthtttttthtththhtthhhhttttxtxtththtttttthhthttthtxhthxhhhththttxthxxhhhhhtttxhtthxtxtttxttttthhththhttxttht
Amir,81,0.5 EUR,Tails,ttththttxhthhthxthtxhthhthtxtthttthtxhhhhhxhhhhttxthxxhhtthttththhxtttthxttthhhhhttththhhhhxhthhtxttthhhhxhtthtttt
Amir,82,0.5 EUR,Heads,tththhxhtthxthxxthtxthhttthttxhxhtththttttthttththtxththtththtxhxhhtttthtxhhtxhththhtththhhttxththhhhxtthhthhhtxtth
Amir,83,0.5 EUR,Tails,ttttxhtthxthttxhhttthxhthhthtttththxhxttththhthhxtththhttttthhthhxhxhhhthhhththtthtthhttththhhththhxhhtththhht
Amir,84,0.5 EUR,Heads,txxhhxhhhtttxhthhxhxhttthttxhtxhtxhthhhhthhhthtxthhthhhthtthhhtttxthtthtttxthhtttttttththhhththhxxthhhthhthttthtxhh
Amir,85,0.5 EUR,Tails,txhthhxttxttxxthtththtthhthxhxhhhhthhhhhthhhhtthtxhhhttthhxtxhhtxhhtththhhhxhxthhhthththtthxhththhthhtththttththxhh
Amir,86,0.5 EUR,Tails,ttttthttthhthttthhhhxhhththhthhhthhhhxtthhhxxhtthxhtthhthththhhhhtxhxtttthhtthxxhtththtttxhhhhhtthxthttthhhhhth
Amir,87,0.5 EUR,Tails,thhththttttthtxhxhhthhttttxxttthxtththttthttttxxtththtththhxhtthttthhhthhtxthhhtthhhtththtthhxhhhxthhhhhtthxtthh
Amir,88,0.5 EUR,Tails,tththhhhxthhhhttxthhtttthxhttttxthhtxthhxtxttthtthxhhtthhhthhxhthhthhhtttthttthhttttththththhhttthhhthththxtxxhh
Amir,89,0.5 EUR,Heads,txhhhtthtthhxtxhthhhhhhthtthhxtttxhhthxhtxtxtxhhtxxhhttthhthtthhhhttxhhhtxhhttttthhthhthhhhtthhthhhtxtttththxhttttxh
Amir,90,0.5 EUR,Heads,hthhthxhhhttthxthttxttttthhhththhtthhhthttxxhhhhxhttthththhtthhthhtththhhhthhhtthhhhhtthhhhthttthtxhhtthhht
Amir,91,1 EUR,Tails,tththhtttttttthhhtthhtthhthxhtthhtthhhtththhhhhhhhhhttttthhhhhttttttttxhhhtxhhxhhhhhttthttthththhttthhtt
Amir,92,1 EUR,Tails,hhhxttthhxthhthhththhttxhthhhthtxhthtthxthhhhhtthhxhtthxtthhtthhhhthhttthtththtttthhhhthtthxhhhthhtxtththhhtxh
Amir,93,1 EUR,Heads,ttthhthttthxhhttthhthhhtthtttthhthhtththtxthxxthxtthththhththhtthtttthhthhtthhthhthxhtthhhthhhtthtttththtt
Amir,94,1 EUR,Heads,thhhththtthhthhththxthhthtxthhhthhthhthhthhtxhthxtthhhthhtththtthhhhxhthxhtthhhhthhththhthhtthhtttththhxhhh
Amir,95,1 EUR,Heads,hxthtthtthxtttthhhhxtththhhththhxhtxththhthththtthhxhtththhththhtthtththhttthtththhxthtthhhthxhtththththhtth
Amir,96,1 EUR,Heads,httththtttththttthththhtxthhthhthhhttttthxththhtthtthhhtttthxtththtttxhhttttxhttththhhttxhhtthhhththxthhhhh
Amir,97,1 EUR,Tails,thttthtttthhtttthtththttthhhtthtxxtttttthtthxttththtttttthhhtthhhxthhthhhhhhhhtthhtxthhxhththhxhhhhtthhthth
Amir,98,1 EUR,Heads,hxthhhhttthhthhttththtthhhttttttttthtttxthtxtthtxhxthhttthhxthxttxhhhhhtttxthtthhtxthttthtthxthxhthhthtthhthhtth
Amir,99,1 EUR,Tails,ttthhhtthhhhtthxhtttthtthhthtttxthhthhhhhhthttthxhtthhxhthttththtxhhthhttthhtttthtthhtxtxhhhhhhhhhtxhthhhhth
Amir,100,1 EUR,Tails,hhhhttthtthhtthhthxhtthhhtxxhththttthhtththththhhtttthhhtththhhhhthththtttthhhhhtttththhtththththtxthhth
Amir,101,1 EUR,Heads,txthhhhhhtxthhhhhtxhthhhhxhhtththhxxhthhhxtxttttxttttxhhhtxxttthhtththhthththhttttththtthttxthhhxthxthtttxhhththhttt
Amir,102,1 EUR,Heads,txxtthtxhhhhhttthtthhhxxhhhthxtththhhhhhhhthtthhhhtttthtthththhhhxttthtthhthhttthxttthhhxhthhhhttxhtxxhhxhttthtth
Amir,103,1 EUR,Heads,thhttthttthhtttthtthxhhtthhthhthhxthhtttxthtthhtthhttxtxtttththhtthhthhthtthhthhxhthtxtthtxttthhtttthhhhthth
Amir,104,1 EUR,Heads,htxtthththtthttxxhhhhtthhxthhhhtttthhhhhthtththxhxhhxtttthhxthtttthhhhxtttthttthhhthhththhhxxhtxhxtthttththhtttht
Amir,105,1 EUR,Heads,htxhthxtttthhhththhthhxxhthtththhhhtthhhthhttthtthhtxhtththtthhhthhhtthtxhxhthtxhththhhtthtthttxththxhhhhhhttt
Amir,106,1 EUR,Heads,htthtxtttthhththtxhxhxxhthttthhtttttthhhxxtthhhhhxtxththxthhhhtthtthttthtxhhhtthththxhhhhhxhtthhhtxttthhhtthtxhhttt
Amir,107,1 EUR,Tails,hthhhttxhxtxhhhtxxthhxhhthxhtthhhxtxhxthhthhtxtthhthhhthhtthhxtxhhthhhhttxtxhthttthhhhttthhxhttxhxtthtxhhtththtxhtxththhxt
Amir,108,1 EUR,Heads,htththhhhtxhttttthtttthhhththtthtxttxthttthhthhhhhthththhxhxhhtthhhththhhhxhhhhhththtxhhhxthtthxttthxhhhttthht
Amir,109,1 EUR,Tails,hhtthtttthhxthttxhtxhththhthhhtttththhtxxhthththhhhhthhhxttthhxhtthhhththxhxhxtxttthhhhthtttthxthhhxhhtthtxtththtt
Amir,110,1 EUR,Tails,thhttthhhhthtthhhhhthhthtxhxhtttxhxthhhthththtxtttxhhhtttthtxhtxhxxhttththhhtthhththhhththtttthxhtthhhthttthtxtt
Amir,111,1 EUR,Tails,hxtthhxhhthhththtttttthhhhtxtthththththxthhhtthtxtthtthhhhhhxthtthhhhhhhhthtxhhththttthttxxtthththttthhhtthht
Amir,112,1 EUR,Tails,hhxttththhtthttthhhxththxthtxtxhttxhththtththxthhhthtxtttthtththhththhthhhhhtthtxhthttthththhttxhhtththhttthtt
Amir,113,1 EUR,Heads,xtthhtthtthtttthhxhxthtththhhxthtthhhtxhththtttxhhhtxxhhxhhtxxttxtthtthhthtthhhthxhtxhthhthxtttthhxthtxtthhhhttttttth
Amir,114,1 EUR,Heads,hthtthhtththtttthhtxthhttththttxthxhhthtxtxhttthtthtxthhhhhhtxtttttttttttthtxxhthtxtxxhtthhxxhttthhthttthhtthhhthh
Amir,115,1 EUR,Tails,hhthhhhthtttxhhtttthhtxtttthththttthhhxtththtttththtthxxtttxhththhttthhhhxhhtttthxhhtttthhhhhhtthhtthhhhttxhxt
Amir,116,1 EUR,Tails,httxhhhhththhtxtthtthxtthttthhxthhthttthtthhtttxxhtthxtthtthtxtthhhxtxhttthhhhthhhtxhttthttthhtthtthhhthhhhthht
Amir,117,1 EUR,Tails,ttxtththttthxxtxththhhthhhhthhthhthtxtthhhtthhhttxththtttthhthhhtxttthttttthhthhttttttthttththhhhththtththt
Amir,118,1 EUR,Heads,ttxhththhhtxhhthhtxhttxxthtthxhhtthtthxtthththhthttthttxhtthxhhtthtxhtxtxhhhhthhhhhhhhhthhhthtthhhthttthtttttttt
Amir,119,1 EUR,Tails,thhtthhhththhhhthhththhttthtthhthxhthhhttxthttxthxthhxtthhththxttthhhhttthtttxthhththxttxhtxhthhhhththhhhhthxth
Amir,120,1 EUR,Heads,thhhhtthhthhhttttthttttttthhhhhhththhhtththththhhtxhxxxttththhhthxhhxttttxththhhhthhtththxttttthhtxxhttthhhttt
Amir,121,0.5 EUR,Heads,hxtthhxhthttttxhxttthtxthtxtthtxhhtxhhthxhhhttxthhhhttthhthhthhxhthttxhtxtthhxxttthhhxtttthtthxxthtxhtxhthhttthhthttthtt
Amir,122,0.5 EUR,Tails,tthhtxhxhtxhthhhxthttthhxhhththtththhhthhhttthxhthhxtxttththhhhtttthhtththtxhtxthhttxhhthhthttththhthhhthttthht
Amir,123,0.5 EUR,Tails,tthxhthhthttthhhththhtthxtttxhttttxxhthhhhhhtxhhtxxhhhhxhttxhtthxhttttthhtthhhhthhthtthhxtthhththhthxhhththtthhht
Amir,124,0.5 EUR,Heads,hhtxhttthhhtthhhtthtthtthhhxhtththxtthhhhhthhhthhhtthhthhthtttxttthhhtththhthttttxhthhxttxhthtxhhtxhtththhxhht
Amir,125,0.5 EUR,Tails,txttthhthxtthhhhtthhhtthtthtththhxhtxhhttthththhthhhhhxhttththhxtthhtthxtthhhtttthttththhhxttththttthhththtt
Amir,126,0.5 EUR,Tails,thhthtxthhhxtthhhtthhthhthxtxxhtxtthhthtththhxhhtththxhhthhhhhhhtttthtthhhhthhhtthtxhththhtthhhthhhthttxtttxhtt
Amir,127,0.5 EUR,Heads,tthhhthtthtttttxhtththhhhhhhhtththhhtthhttxhttxtttthhttttttxhtxthhthhttthhhtththhtthhtxththhxxtttthhxhhhhthhh
Amir,128,0.5 EUR,Tails,txttxtthxhhttttthttththhtthhththhhxththththhxtthhhhhhttthhhthtttththttthtththxthtththhthtthtthhhhhtxtthxthhh
Amir,129,0.5 EUR,Tails,hhthtttxhhthtttthhhthhhxthhthtthhthtthhhhhxhthhthtxthttthththhhttthttxtttthhttttthtxttxhtxhhhhtthhhhhtththht
Amir,130,0.5 EUR,Tails,htttttthththhthtthhhhhhxththhhthttthxxhttxththttttthttthhhhtthhhxxthhttxthtthxtttxhthhthhtththhhxhhhxhhtthtthht
Amir,131,0.5 EUR,Heads,hthtttthhthhthhththhthxhxhhttthhthtththhtthhthhhthhhtthxttthtthtthttxthhxthhhhxxhtttthtttthhthhtthhxtthhhttxh
Amir,132,0.5 EUR,Heads,thhxhtthtttttththththxhhxxhththhhhtththttttthththhtttxthhhthtttthhtthtthhthhtttthxhthttthhttttttthhthtthht
Amir,133,0.5 EUR,Tails,ttthttthhhhhhhhttththhhthhttththhtththtthhhthtthhhhthxtxhthththttthththttttttthhtthhhxhhhxthtththhhhhtht
Amir,134,0.5 EUR,Heads,thhhttttxhhthtttthhtthtthxthhttthxhxththhthhhhththhthhhhtthxhttthtxthttxhtthtxtthxttthxhhtttthhhtxhtthhhtththth
Amir,135,0.5 EUR,Heads,htxttthtxtthtttthttttxththtxhthththxhxhhxhhthhtthhththhhthhthhxthhtthhttthhththhhtthhtthtttththttttthhhhthtt
Amir,136,0.5 EUR,Tails,thhtththhhthhtxhhhhhhtthhtththhttthhhthhthhhththtththhhthtttttxxhthxththhhththxthththxxtxhhtthttthhhhhhthhth
Amir,137,0.5 EUR,Heads,hhhhhtttththhhttthhhhthththtthtttthhthtxhthhthhhxtththxthhthtttxtttttxttxxhxxhhhtttthttthhthtththhtthhthhtttt
Amir,138,0.5 EUR,Tails,hthhxhtthththhthththxhthhhthxhtttttththtttxhhthxxhtthhhhthttthhhthhhthhhhhtthhhtxhthtxhttthhhhhthhhhhtthhhht
Amir,139,0.5 EUR,Heads,hhhhhhttttxtththhttththttthhthtxhhththhtthththxhhthhhhhttxhhttthhhhxthhththhtxtthhhhthtttttttxthtxhxthhxthhttt
Amir,140,0.5 EUR,Tails,tthhthhhtttthhttthtttxththttttthhhhhhhhttttttthhhttttthxthththhthtthththhthhhhhhttttthtthhhhhtxhttttttt
Amir,141,2 MAD,Heads,hhxththhhtttttxthhxttthhhhxtxtthhtxhxhhttththtthxhhhththxhhthhhththxtththhhttttttttxhtthhhhhtttttttthhtxththtttt
Amir,142,2 MAD,Heads,httttttthhthhhhhtthttthhhtthhhhhhhhhhtthhhtttttttthtthhtthhtthhththhtthththhtthhhtthhxhttthhttthtthhxt
Amir,143,2 MAD,Heads,hhhxthttthththhhhhhttthhththhhtttthttthththhhttththhhttttxhhtthtthtthhtthhxththhttttthhtthhhthttxhthttht
Amir,144,2 MAD,Tails,thtththhttthhhtxthtthtthtththtthttthhthhhtthhhttthttthhtththhthttthhthththhhtxtthhhhhhhtttthtttthththt
Amir,145,2 MAD,Tails,tthtttthhtthttthhtttthtttththhhhttttththtttthhttththhhtthhhtthththttththhxhxxttthhtthhhtthtthhttthxthhht
Amir,146,2 MAD,Heads,xtttthtxttthhhxhxxhttthttttthhttxtthxthhhtttthttthtthhtttttttttthhhthxhhthththhhhhhttxhxhtxhhttthhxthtthhtthttth
Amir,147,2 MAD,Heads,thththhtthttttthhhhttthhhttthhttthtthttthththhhtxhtththhthttththhhthhtthhhthhtthhttthtthhthtttthhthxht
Amir,148,2 MAD,Heads,hththtthhtthhxttthhttthttthhhhttxththhttttthhthhhtttxhtththhhthhhhththhthhtthxthhtthxhhhttthhthhtttthhhth
Amir,149,2 MAD,Tails,htththhhhhthhxhhhhtthhxthhhtxhxtthhhthhhhthhththhtxthhhhtthtttthhthhhtthhhttthhhtthhttttxhttthhththhthttxhh
Amir,150,2 MAD,Tails,tttthhhhhtthxtthhthtttthtththtttthhxhthhhhhhhttxhhhhhtthhhthttxtthhhhthhtthhhtthtthtttthxhthhhhhhthxthxttxhh
