"person","sequence_id","coin","start","sequence","dataset"
"frantisekB",1,"20DEM-silver","t","tththhtttthttthhhttttthhhttttttthxhhhttthtthttttttthhthhtthhhhthhhhthhhhhthtthhhththhhtttthhhhhthxttht","Marathon"
"frantisekB",2,"20DEM-silver","h","tthtthhhhttxttttthhtthhtthtthhthhtttththhhhthhhtttttxthtttthttthtthtthhhthttthhtthtthhhtthhthhththttth","Marathon"
"frantisekB",3,"20DEM-silver","t","thhththhtthhhhthtthhtxhxtttttthththhxttttththhhttthththhthhttthtththhthtxhththtthhthhhhhhhttthttthtthhtt","Marathon"
"frantisekB",4,"20DEM-silver","t","thhhhthhhhhhhthhhhhhtthhhhtttththttttththhtttttthhthhhhhthhtthhtttthhhhhhthtttxtttthhththhttthhthhtht","Marathon"
"frantisekB",5,"20DEM-silver","h","tttthtthhhthttttttthtthtthhxhhthhhttthththhthtttttthtththtthhthhhthtthtththhtxhhxthxhxhthttthttthhtthhhhh","Marathon"
"frantisekB",6,"20DEM-silver","h","thhhttthhttthhttthhtthhhthtttthtthtthththhthhhththttthhthhtthhhthhhthttthhthhhhhttttttttthhthtthttth","Marathon"
"frantisekB",7,"20DEM-silver","t","tththtthtthhhthhhhhthtththhhtthtttthththhthhttthhththhhhtthttxtttthththththhhhthhththhhhhhhhhhhttthxht","Marathon"
"frantisekB",8,"20DEM-silver","h","htthtthttthtttttttttthtththhtthhhhthhtttttthtthhtthhthtthttttthxthhtttththtthhhxhhttttttthtthhthtthhht","Marathon"
"frantisekB",9,"20DEM-silver","h","tthtthhtthhhhthhthtthhththhhtttttttththhttthththhttthhxhtththhhhhhhthhhhtxthtttthhhthhthxhtthththhhhhth","Marathon"
"frantisekB",10,"20DEM-silver","h","tthhhhtthtthhtthtththhthhhttttththhhthttthttthtthxtttththhthhhhttxttthhhhththhhhtttththhhhthhhtthhthhh","Marathon"
"frantisekB",11,"1CZK","h","htthhhtxtxhhhhtthhhhthhttttthttthhttxhhthtthttthxxtthhhhhhhhxttthxthttttththttttttxthhhttthhhxhhttthhttththtt","Marathon"
"frantisekB",12,"1CZK","h","hthtthhhtttthttthxhtthhthhhhxthhhthttttththhhttththhhthhthhtthtthhhththttthtthhhhhhhxththhhhttxhhtthttth","Marathon"
"frantisekB",13,"1CZK","t","tthtthhhhtttxttthhtthhtxhttttthhhthhttttthhhtthttththhtthtttthhhhtxthttthththhhtttthtttttthtthttthhthth","Marathon"
"frantisekB",14,"1CZK","h","xtthhththhtthhhthththhhthttthtthhtththhtththhhthtttttttththhhttthhhxtthhhththhhhttththtthhthtthhthhhhh","Marathon"
"frantisekB",15,"1CZK","h","tthxttthhththhxhhtttthhhhtthtxhtthhhthhhhhthxhxthhxtthtttthtttttthhthhttthhthhhhhththhthhhththhhhhthhhttxth","Marathon"
"frantisekB",16,"1CZK","h","thhhththhthttthhthhxhhtthtxhtthhhthhtththhhhthtthhtthhthhhhhtthhhttthxhhhthhhhhtttxthhhttthtthhtthhhhtth","Marathon"
"frantisekB",17,"1CZK","t","tththhtttttthhthhththhhtththhttttttththhxhtttttththhhththhtxhthhtththhhhhhtthhhhththttxhtthtttttthhhhhh","Marathon"
"frantisekB",18,"1CZK","h","thththhhhhtthhhhhthtththtthhtthhthhthhhhtthhhhthttxhthhhttthhxthtthhhhhththhhhtthhhhththhththhtthththt","Marathon"
"frantisekB",19,"1CZK","h","ttthhhthhttthtthttttthhhthttttthhhtttxtttthhththhtthhtthtthtthtththhthhhthttthhhxxhhthththtttthttttxhhth","Marathon"
"frantisekB",20,"1CZK","t","hhhhthxhtttthhtthhhhxhhtthhhtthtxxtttttthhxtthtthhththhhhhtthhhtththxhththththxtththtxhtthhtxhttttthhhtthtttt","Marathon"
"frantisekB",21,"5CZK","t","hthhhtthhtxhttthhhththhtthththttthxhththhhtxththththhhtttthhththhhtththxhhthttxtthtttththhthtttththhtthth","Marathon"
"frantisekB",22,"5CZK","t","thththhhhthhxhtttthththhhxttthtththtttthtxthtttxthhthhhxthhhhtttththttttthhhthxttxhhhtthtxhhttthhhxhhhttthttt","Marathon"
"frantisekB",23,"5CZK","h","tthhththttxhhtthttthhtthttttththhhtxhxhttthhxthtthhthtthttthhtthxthhthtthttttththtxhtthxttththtttthhthththh","Marathon"
"frantisekB",24,"5CZK","h","hhtthttthttthtthhhhhxthttttttxhhtthhtthhtxhtttththtthhhhtthtthxthhhttthtttxthttthtttttthtthhhhththhhthttxt","Marathon"
"frantisekB",25,"5CZK","h","tttthhhhhxhttthtthhhxhtttttthhhhthhhtxthhththtthtthtthhtthtxhtttxhthhhtthttttthtththttthhhxhhtxththxhhtthhth","Marathon"
"frantisekB",26,"5CZK","t","xttttttttthhhhhhhhhttttthhthtthhhthtththththttthtthhxhttthxttthtthhhthhhhthtxttttthhhhhtthtttthttthhthth","Marathon"
"frantisekB",27,"5CZK","h","ttththththhhhtxtttthtxthhhththtttthttthththhhhtxhtthtthtthththhxthtxthxhhhthththththhxhhthtxtththhtthhhthhtxh","Marathon"
"frantisekB",28,"5CZK","h","hhhhthhhttttxtthttthhtttttttthththhhhththhxttthtthhxhhtttthhhthhthtttthhxhtthtxhhthtttthtthttttthhththhth","Marathon"
"frantisekB",29,"5CZK","t","thhthhhthxthhthhhhhxhthttttthtthxttthhhthxhtttthhthhthhththhtxxhtthhtttthhhthhhhtttthttxxhhhhttthhhhthhthhht","Marathon"
"frantisekB",30,"5CZK","h","httththhhhtxttthhthxthttthththtthtttxhhtthhhtthttthhthhtttthhhtthththttxththhhtthtthtththhttthththhhthht","Marathon"
"frantisekB",31,"0.25USD","t","xttthhthttthhtthhhhhthhtttthhhhxhhthtttthhhtttxhhhhthththtthtthhhthhhtttthtttthhhthhhhthtttthhthhhhhttxt","Marathon"
"frantisekB",32,"0.25USD","h","hhhtthhhhxthhtthtttthhhhthxtththxthhxhthttthxhhhhhhthtththhttthttthxthttththtxhhhhthhhthhtthhhhhhtttttthhhh","Marathon"
"frantisekB",33,"0.25USD","h","tthhththhthhhxtththhthhhthttthhthhtxhhtthtthxhhhxhhhtthhhthxthhtththhtthhxxhhtttththttthtttthxthttthtxtttttxht","Marathon"
"frantisekB",34,"0.25USD","t","hhthhthxhttthhthhxthtxhhtthtththtthhhhttxhthhttththhhhhhxthhhhttthhhxhthttthtxttththhhhttththtthtththhxtthth","Marathon"
"frantisekB",35,"0.25USD","t","thhtttxhhhhhhhhhhhhhxthtttthttthhthtthhxthhtxtxttxttthhttthhtththtthtxtxthhthttthhtttxxhhhhxthththhhtthhhhththh","Marathon"
"frantisekB",36,"0.25USD","t","hhhxhttthhhhhhththththtthtthhtthhtttthhthtthhtxtthhtxhhhththhttthtttthttttxhhthhhhththhthxtttthxthhttxtxttth","Marathon"
"frantisekB",37,"0.25USD","t","thtthththhhthhhhtthhththtththththhhhthttthtththxhhttxhhhhttxthxthhthhttxththththhhhttthhttthttththxhtxthhth","Marathon"
"frantisekB",38,"0.25USD","h","hhthtthtthttthtttthtthttttththhtxththhhxhhththhxthhhhthtxtttttthhthhtthhtthtthxthhhhhthhtttxhhtthhthhtthxhxh","Marathon"
"frantisekB",39,"0.25USD","h","thxthtttthththxhtthhthtttthhththhhhththhtththhtthhtththxthththtthhthhhhxttxttttthhhthtxtththhhhxtthhhhhhthh","Marathon"
"frantisekB",40,"0.25USD","h","thhhhhhthhhhtxxtttthtthttxtthxtththttthxthhthxhhhhththtthtttthttttttthxtththhthhthhthhthttththttxthhxtthttthh","Marathon"
"frantisekB",41,"10CZK","h","xthhhhhththtthhhttthhthtthhxhtxhhtthttthhhhththttthhtthttxhththththhhthxtththtthhththhtxthxhttthhtththhhthxt","Marathon"
"frantisekB",42,"10CZK","h","hhthtttththtxttthhhtttxhtthhxtthxhhhtthththttxhhhthhttthhxhthhthththhhtthhthtttththhttttthhxhhthhhthxhtthttt","Marathon"
"frantisekB",43,"10CZK","t","htttxhhttxhxtttththhxhhhhtthtthhhthhhthhttttxthhxhthhhttthhttthhttttthtththtthhhthththhtthhththxhhthtthhhth","Marathon"
"frantisekB",44,"10CZK","t","hthhhhhthhthhhhhhxtxhthhhhhtthtttthththththttthhthtxthttthxhhhththtthttxthtthttthhhthhhthhhhhhthtttxhhhhht","Marathon"
"frantisekB",45,"10CZK","h","ththhhtxhhhttthhhththttttthxhttxtthtthhthttthhxtttthththhhhhhxhthhhhhtthhhtthttthtthtxhttttththtttthhhhhhh","Marathon"
"frantisekB",46,"10CZK","h","hthhttxtththhthhtthhththhthtxhttthtxhhhthhttthxttthhthtttthhhttxhtthththtttthhhthttttxhttttthhhhhtththxtttt","Marathon"
"frantisekB",47,"10CZK","t","tthhhtttxtthtthhxhhhhthhttttxhhhthhhtthxhhhhxhttthhhhttthtthttthhxhtththhttthhhtthhttthhhhhtthhhtxtththhhht","Marathon"
"frantisekB",48,"10CZK","h","hthhhtthhhtththtxhtthhthhhhttttttxttttttxtttthhthhhhhtttxhhthththhtxththxhttthhthhhhxtthhhhhttttthhthtthttt","Marathon"
"frantisekB",49,"10CZK","t","thhhhthttthhthhhththhttxhhtthtththhhhhththtttthhhththhhhxhhhxtthhthxhthththhtxxxtxhtxtthttttxhhtthhtthhhtxhtthh","Marathon"
"frantisekB",50,"10CZK","t","htthhthxxhthththttthhhttttttxtthtthxtttthtthhththhhtttththhttthttthtttthtththtttthhtttxhthththththhhthtth","Marathon"
"frantisekB",51,"0.50EUR","h","htxthhtttttthththttththhhtththtthttxttttxththttthtthttthhhhhhthththhhttttthththhhhhthhthhthttthxttthhhtt","Marathon"
"frantisekB",52,"0.50EUR","t","htxtthttxthhhthhhhhthhhhthhhhthtttthtxhthhttthhhhtthhttttthhthththhtttthhtthhhxhhtttthtthttthhhhxhhhhhxhht","Marathon"
"frantisekB",53,"0.50EUR","t","tthtthhhhtththhthththhthtttththhhthhthhtxhhtttthhhxttthtthhxththhhhhtthtthhhhthtththtthththttxxthtththttt","Marathon"
"frantisekB",54,"0.50EUR","h","hthtthhhxthhthttththhttthttxhtthhhhthhhhthtththhhhtxhhhhhhthththttttthhhtttthththxhthhttthhhththtthhxthhh","Marathon"
"frantisekB",55,"0.50EUR","t","tththhhxthhththhhhhhxhhhhththttthhtthttthhhhhhtttttttxtthttxhhthhhtthttttthhtthhtthhthtthhhhhttthhhthhth","Marathon"
"frantisekB",56,"0.50EUR","h","hhthhhxthhtthttthththhthhhhtxththtthhtthhhtthhtthtthhthhhttttttththththhthtthhttxhthhtthhhhttttththhttt","Marathon"
"frantisekB",57,"0.50EUR","h","hhhthhtthttttxhhxthtttthhhtthhhhttthtthhhhhthhththtxhhtthhhhhhhhthhhtthttttxhhhhxhhhththtthhhhththhhhxthth","Marathon"
"frantisekB",58,"0.50EUR","t","hhthttthththhhtthhhhxtthhhhhttthtttthhtttththhthhhxhhtxhthhttxtttttttttthhhtttthhhhthtthththxthttthxhhthth","Marathon"
"frantisekB",59,"0.50EUR","h","hhhttthtxththtthhhtthhtttthththttthhthtthhhttttthhtttththxhtththhhxthhtthhththtttttthtxhhththhttthhhtxtht","Marathon"
"frantisekB",60,"0.50EUR","h","hhththththththtthtthhhhtthxtxhttthtxthtththththhtththttttththtthttthhhttththhhxhttththxhtthhhhttthttxhhhtt","Marathon"
"frantisekB",61,"1EUR","t","hxhtxtxxhhtthhhhtthhttxhhttthttthhhhhhhthhhhtthhhhhhthhtthhhhhtththhhthxxtthhxthhhhhththtttttttxhhhhhtttthhtt","Marathon"
"frantisekB",62,"1EUR","t","txhthhhtttttthttttttthhhhhthhtttththttxthtxhththhhthttthhhthhhhthttttthtthttththhhttxhhhththhthtththhhtt","Marathon"
"frantisekB",63,"1EUR","h","htthhtxhthhhttthhxthttthtthhthhhxthttthththththhthhtthhthhxhhhtthhhhttthtththththhthtththhxhtttxtthththhht","Marathon"
"frantisekB",64,"1EUR","h","httxhtttttththhhhhtttththhhtthhthtthhthtxhhththtthttthtthhtthhtththhhthhttttxhhthtttxhhxthhttxtthhhttthhht","Marathon"
"frantisekB",65,"1EUR","t","hhththhhthththtthhhthhhxhtthtthhtthxtttttthhtthhhhththttttxhhhthtththtttttthttttthhhtthhtththhhhhthttxtt","Marathon"
"frantisekB",66,"1EUR","h","tttthhhhtxththhhtthtthhhhxhhththhxthhthththtttttthxtttthttthhhthhhhthhtthtthhhtthhxhhhtthtthhttthtthtthht","Marathon"
"frantisekB",67,"1EUR","t","hhxhhhtththhhthhhthhhtxthtxhhhthtththxhhhttthhhxhhthhtthxhthhttthhttthhhthhtxthhtthhththtxtthtthhxhhhhtththht","Marathon"
"frantisekB",68,"1EUR","t","httthtthhthhtxhthhthhthxhhxhhttttthtthhttthhhhhhhttttxhhhthhhthhhhhhhhhtthhttxhhtththhtthttttxhthththxthttt","Marathon"
"frantisekB",69,"1EUR","h","thhthttthhhthttttthhhthhhtxhhtthtthhhhththxtththtthhhthtthhhtttthtthtxtththhhhhtththhththhttththtttthhh","Marathon"
"frantisekB",70,"1EUR","h","hhthtthtththththhthhthhhhhhttthxththxtttthhhhtxththththhhthttthtthttthhhhhtthhhhththhtttxhthhhthhthttthh","Marathon"
"frantisekB",71,"1EUR","h","ttthhhthhthhthhhthtttthhttthhtthhhxttththththhhxhhhhhhxhhttthttxhthtxhhhhhttthtthhhtthhhthhhtthhhttthtthh","Marathon"
"frantisekB",72,"1EUR","t","hhthtttttttthhhxhhhthtththhttththxhttttttttthhtthtthhthhhthhtxhhttthhttxtthtttthththttttthhhttththththhh","Marathon"
"frantisekB",73,"1EUR","t","thhttxhtththtthhhhthhhhhhthhhhhthtthhtxhthhhhhtthhhthtxttxhxhhtxtthhthhtxhtthhxhhthhtththhthtththxhthxxttthhthh","Marathon"
"frantisekB",74,"1EUR","h","hhtthhxhttthhhhtxthththtttthttthhhtthtttththhthhttxthttththhhthtxhththhhxhthhhxhhttthtthhhhhhtthththhxthhhh","Marathon"
"frantisekB",75,"1EUR","h","xttthhthhhxttthhtttthththththhxthhttttthhhhhhxhtttttthhhhtthtthxthtthhhtthtttttxthhthtthhhtthtxtthttthththh","Marathon"
"frantisekB",76,"1EUR","h","tthttthxhhhthhxththhtttthhthhtthhttxthttxtththhtthtthhthhxhxhhhhhthhhhhttttttttttththtttthttttxhhxhhxtththtth","Marathon"
"frantisekB",77,"1EUR","h","hhttthttxhhhhhtthhthhthhthhtthhhhhhhhthtthhthtthhthtxtthththhtthhtxhhththttttthhtxhxththttxhxttthhhhttttthh","Marathon"
"frantisekB",78,"1EUR","h","ththtxththhhttththttthttxthhthtttttthhhxhhhhhthtthtthtttthhtttthhhhhhtthhttthhtthhththtthhhtthttxtxhtthtt","Marathon"
"frantisekB",79,"1EUR","h","hhxthhhxhttttthhxhtthhtththttthhthxthttthhttxhxhhhhhhthhxthhtthhtxhtthhhththxhhhthhhhthtththhxthhtthhhhththhhh","Marathon"
"ingeborgR",1,"2HRK","h","thhhtxhhthtxthtttthttththththhhttttthxhtthhhhhxtxhthxttthxhtttthhhttxttthhhhttthtxhthtthhhhtttttttthtththhttt","Marathon"
"ingeborgR",2,"2HRK","t","hththhthhththhtthhhhxtththhthxtththhthhthttthhththhhthtththhthththhthththtthhttthhththtxhhhthttthhtthht","Marathon"
"ingeborgR",3,"2HRK","h","htththtthhthtttxhthttttthhhhthhhhttthhtthhthhtttxtthtththhhhhthhhhhhhthhhthtxxxtthhtttttthhhtthtthtthhthh","Marathon"
"ingeborgR",4,"2HRK","h","tttthttthhtthtththhhththhhxhtttxhhhhthtthhthttthhhhthhttththhhhthhhtttthhhttththhhhttthhhthhthhthhthth","Marathon"
"ingeborgR",5,"2HRK","t","tthttthhththhthhttttttthhhhhttxhxthhhhththhhtttthhhhttthhhhhtthththththhthhhthhtttttttthhhhhhhthhhtthh","Marathon"
"ingeborgR",44,"2HRK","t","ttthththhthhttththtxhhhxhthhtxtthtxttthhhhthhhthtttthhhttthhhxtthhhththhhhthtthhthttthhhhhhhhhhthttthhttt","Marathon"
"ingeborgR",45,"2HRK","t","hxthhttthhhhhtttttttththhthhhxtthhhthhhhthhhttttxttthtthhtttttthhhtttthhhhhhhhhhtxththttthhhhhththththhh","Marathon"
"ingeborgR",46,"2HRK","h","hxthhttthhhhhtttttttththhthhhxtthhhthhhhthhhttttxttthtthhtttttthhhtttthhhhhhhhhhtxththttthhhhhththththh","Marathon"
"ingeborgR",47,"2HRK","t","hhxttththhthhhttthhhhhhttttttxttthhttthhtthhthxtxhththtthhhtththhhhthtthhhhhhttthxhhtththhhhthhtthhthttth","Marathon"
"ingeborgR",48,"2HRK","h","tthtththhtthxhtthhhthhhhthththhthhthtthhthththttthhhhhhththhhhhtthttttttthhhthtthhhhxththhhhthhthhthth","Marathon"
"ingeborgR",49,"2HRK","t","tthtthhttttthhtttthtthttthhhththhhtttthtttthtthhhthththhhtththttthhhhhtxthttthththtthhhthhhhttttthtth","Marathon"
"ingeborgR",50,"2HRK","t","htttthhhtthtthttthththhthtththhhhxhhhhthhhhhhhhtttthtthhhthththhtttthhttthhthhhhthhhhthhttxhxhtttthhtht","Marathon"
"ingeborgR",51,"2HRK","t","hhthtttttththhhhhttthhthtttthtxhttthhthhhhhthhhhhhththhtxhttthhtthttttthtthtththththhhthhxhthhtthttttht","Marathon"
"ingeborgR",52,"2HRK","t","tttthtttthhttththtththtththhhtthththhththttthhxthhhthhthhtthththhhhhtththtttthththhttthttthttthththht","Marathon"
"ingeborgR",53,"2HRK","t","thtthhthhthttthhhthhttxhhthhxthtttxhtttthhhhhhtthhhththhhttththtxthtttttttthhhthhxhttttthhhhhtxhhthhhthhth","Marathon"
"ingeborgR",54,"2HRK","t","hhtthththhhhhtttthttthttttttthhhhhththttthhtttththhthhttxhhhtttththththhthhttththttthhhtthhhhhtththht","Marathon"
"ingeborgR",55,"2HRK","h","hthhhththhtthhhtththththtthhthttttttthththtttthtththththtttthhhhtththhththxhhhhthtttthhhttttthhtttthh","Marathon"
"ingeborgR",56,"2HRK","t","thhththtthhhtttttthtttthhhhtththtttththhhththhxhttthhhtththththhthhxxtttththhhhhhtththhhtthhhthtththhhh","Marathon"
"ingeborgR",57,"2HRK","h","htthttththttttxthtthhthhttthhhthhhhthtthtthhthhhhtthtthhhtttttthhhhhhxhthtththhhththhxhthhthtthhttthtth","Marathon"
"ingeborgR",58,"2HRK","h","thththththhhhhhtthhttthhthhthtthtxttthtttthhhhhtthhhhxtthtthttthhhtthttthhhhtththhhhhhthhttthhttthtttt","Marathon"
"ingeborgR",59,"2HRK","t","xthtthhhhthhthhtththhtttthhhtttttthhxtthxtthhththhththhtthhhhttthtthhththttttttthhhhtthhhtthhttxttthhhtt","Marathon"
"ingeborgR",60,"2HRK","h","thtthhthtthhhttttthtthhttxtththhhtttttthttthhhhhtttthhhtththththhthttththhtthhthhtthhthththhththtthht","Marathon"
"ingeborgR",61,"2HRK","t","hhtttthhttthhtttttthththhthhhhthtthhthhhhttthththhxhhhhthhhtthhhtthhhthhtthhththhthththhthttttthhtth","Marathon"
"ingeborgR",62,"2HRK","h","hthtttthtthhhttthhhhtthtttttththhhhhhhttttthhththhhttttttttthxttthththtthhhhtttthtthhthtttttxthtttttht","Marathon"
"ingeborgR",63,"2HRK","h","hhtttttththttttthhthttthttxtthtththttthhhthtthhhththththhtthhthxhhtttttthhththtthhtthhhhhhhhtthtthhthh","Marathon"
"ingeborgR",64,"2HRK","t","hhtthhththttthtthhththttthhththhhtthhxththhhttthththttxthttttththtthhtthhtthhhtthhthttthtthththtthhthh","Marathon"
"ingeborgR",65,"2HRK","h","ttthhhtthttttthhthththtttttthhhhhhthhhtttttttthhxhhhtttthhhtthttthhthtthttthhhtthththhhhthhthhhhhhhhh","Marathon"
"ingeborgR",66,"2HRK","h","thththtttthhthhhhtthhthhthxthhttthhhhtthhhththhthttththttxhthhttxtthtthhhthxhthtthhhthhhxthhthxtththhhthht","Marathon"
"ingeborgR",67,"2HRK","h","ttthhhhttthtthttthttttthhhhttthhhthttthttthhhthxtthtthttttththtttthtthhththhthhhhhxhhhhttxhhthtthtththh","Marathon"
"ingeborgR",68,"2HRK","h","thththtththttthtthtxhhthhthhtthtttthhtththhthhhhthtthtthttttthhhhthhhttththhhthhttttthtthhtththhhhtht","Marathon"
"ingeborgR",69,"2HRK","h","hhhhhhhhtththhthhhtttxhhthhhttthhthththtthttthhthhthththhtththttxhhhthtttththtthhttthhthhhththhhhththt","Marathon"
"ingeborgR",70,"2HRK","h","thhtthhttththhththhtthhtththhtxtththhthhththhhtttttxthhhthhhthttththhthhxtthtthththttthtttthtthhttxtthth","Marathon"
"ingeborgR",71,"2HRK","t","xthhththhttxthtttthhthhhttthhttthhhtthhththhhhththtxttththhtthtttthhtthhtthhththtthhthtttthtthtthhthhht","Marathon"
"ingeborgR",72,"2HRK","h","hhhtthttthhhhttthhtthtttththhhhhhhhhhthhxhthhttthttthttththtthhthhtxttthtttthtththhhhxthhthhtttthththtt","Marathon"
"ingeborgR",73,"2HRK","h","ttthhhtthttthththtthhhhtxhhthhthhhhhththttthtthhhhhhhthhthhhhhhtthhhthttththhhhhhthhtthththhththhhhht","Marathon"
"ingeborgR",74,"2HRK","t","htthxtttxththhtttttththttthhtthhhhthhttthhthhtthhtttthtthhthhtttttthttttthhthtxthttthhhthxthhhhhhhhtthtt","Marathon"
"ingeborgR",75,"2HRK","h","hhhhthhhhhttttthtttttththtthhxhththttttthtxhhtthhhhthhttthxtththhhhhhhtththhxhhhththtthttthhtttttththhhh","Marathon"
"ingeborgR",76,"2HRK","h","hhhthhtttthhtxttttthtthhtthhxhthhtttthhhttththtthhhthhthhhthhthhtthhtxhhthhththttxhthhhhthtthttthxttthhtt","Marathon"
"ingeborgR",77,"2HRK","h","hthtthhthxhttttttthhhhhhhtthttthxthhttttththththhhhhhhhhhttttthhttttxththhthtttthtxhttththtttthxtthttthht","Marathon"
"ingeborgR",78,"2HRK","h","httthhtthhhttththhhhthhhthtxhhtxhtthtththhhthttthhhttttththtthhttttthtttttthtxhhthxththhhthttthxththtthxth","Marathon"
"ingeborgR",79,"2HRK","h","htxhththhhthhtttttthththhhhttxhhhhhthhthththttttthttthhtthxhthttttttththhthhtthhthhthttthhtthhttththtxtt","Marathon"
"ingeborgR",80,"2HRK","h","thhhhttttththhhttttthxthtttttxhttttththhttthttttthhthttthtthhhhhhhthttxhtthhthhhxtthhhtthththttthtthttht","Marathon"
"ingeborgR",81,"2HRK","t","tttthtttthhthtthhhthttttthhhhhhxhthtthhhxhhthhhhthhthhhththhthththhhthtttxhthhhttththhththhhthtxthhthhth","Marathon"
"ingeborgR",82,"2HRK","t","hhhttthhhtthxtththtttthhtthhhxhttthhthhthhttthhhtxhttttttttthtthhttthtthhhthhhttttttthtththhtttxthththtt","Marathon"
"ingeborgR",83,"2HRK","h","hhhhtthtttttxhhhtththttthhhtxthhtthtxhhttththhhthhththhhhxhhhthhhhhththhtthhhthttttttttthtththththtttttt","Marathon"
"ingeborgR",84,"2HRK","h","hhttthhhtxhthhththhxthhhxttttthhhttthhththttthhhhthhttthttthhthhtxttthhhthhhhthhthtthhhtttthhhhtthhthhtt","Marathon"
"ingeborgR",85,"2HRK","h","httttthtthtthhtthxhhhhhhhhtthhhthxthhttthhthhtttthttttthhhtththtthhthhhhttthhhttthtxtththtthhhhththhthh","Marathon"
"ingeborgR",86,"2HRK","t","httthhtthhhthttthhhhtthhhthhxtthxtthhhhhhhhthtthtxhthhththttthhthtthhhhttttthththhhhtththxhttthhhhthhthh","Marathon"
"ingeborgR",6,"2HRK","t","httttthtttttthhhhhhhhhtthhhthhhththhhhttttthhttthtthhththtthttthhhhhthttthxhhtthttttthttththhhtthhttt","Marathon"
"ingeborgR",7,"2HRK","t","ththhhhhtthtttttthththhhhttttthhhhthtthttththhhttthhhththhhhhttttthhhhhhhhhthhtththtthhthhtththhtthh","Marathon"
"ingeborgR",8,"2HRK","t","tththhhttttthhhhhthhhhhhhhtttthtthtttththhhhthhhththttthttttxtthttthttxxttthhttthhththhtthhthhtthtthh","Marathon"
"ingeborgR",9,"2HRK","h","thhhththhhhthttttthtthhttththhthhtthtthhttxhhhthttthhttttttththtthhtttthhttttthtththhhthhhthttthhhhth","Marathon"
"ingeborgR",10,"2HRK","t","htthhhtthhtxthhttththtthtthhtthhhhhhhhhhhhtthhthttthhxthhtthhthhtthttthtthhtthhtthhthtttthtthhhhtttth","Marathon"
"ingeborgR",11,"2HRK","t","thtttthhtththhttthtthhththhhhhthhthttxtthhttthththhhthhthhhthhhhthhtthhttthhhttthtttthhthhthhthhthhth","Marathon"
"ingeborgR",12,"2HRK","h","ttthhhhhthtthttthhthttthhxhhhhhhththhhhhhtththhtttttthhhhhttxttttthtttthttttttthttttthtthtthhhhtthtthh","Marathon"
"ingeborgR",13,"2HRK","h","tttththttthhthhhtthtthhhttttthhhthtthtxtthtthtthtthtxthhthttththhtthhthhhhhtthhtthhhhtthhxthhhththtthhh","Marathon"
"ingeborgR",14,"2HRK","h","hthhtthttthhthhthtthhhtthththhthhhhhhhhttthhttttththhhhtthttthhhhththhtthhtthhhhththtttthhhtthtththt","Marathon"
"ingeborgR",15,"2HRK","h","hhhthththhhthhthhhtthttthtththhhthhhhthhthhtttttxhthtththhhhhttthhhtthhhttthtttthhhttththhthhhhtxththhh","Marathon"
"ingeborgR",16,"2HRK","t","ththttthhhtttthhhhtthhhttthhhttttththhhttththhhhhxtttthhhhtttttttttttttttththhthhtttxtttttthhhhthhhtth","Marathon"
"ingeborgR",17,"2HRK","h","hththhthhttttthhhthhttthtttttthttthhthttthhhhhttthhhhhhhhhthhtttthhttththtththhtthhhtthttttttxhtththt","Marathon"
"ingeborgR",18,"2HRK","h","ttthhthhttthhthhhtththhhhtthtthththttthhhtttttthhttththtthtthtthtthhhthtthtthhxtthhthhhththhththhxtttt","Marathon"
"ingeborgR",19,"2HRK","t","hhhthhthththhhttxhttthhtthhhthhhhhhhthhthhttthtththtxhthhhhhtthhththtttthhhhththtttthtthhthhthhhhhhttt","Marathon"
"ingeborgR",20,"2HRK","h","tthhhhthhhtttththththhththhhhhhthttthhhtttttthhhhhtthttxthhththhtttthhhhhhhththhthtththhhthththhhhhtt","Marathon"
"ingeborgR",21,"2HRK","t","tthtthhthtttttthhhttthhtththhtthhhththtththhhhthtthththtthhtthtthhhhhththhththttththththhhththhhthth","Marathon"
"ingeborgR",22,"2HRK","t","ttthxhhhxttxthtthhhhttthhtttxtthhhthththhhttthtxthtthhtththhthtthtthhtttthtthtththtthtthhhhttttthhhhhttht","Marathon"
"ingeborgR",23,"2HRK","t","htttththttthtthhhthhhthhhttthhhthtththtthttthththtthhhhttthhhhtththhtthtthththhhthtthhthhtthtthxhttht","Marathon"
"ingeborgR",24,"2HRK","h","ththhttxthxhhthththhhhtthhtthhtththtthtththhhththtththtththttthttttthtthththhhththhhtthtttthhhhtttttht","Marathon"
"ingeborgR",25,"2HRK","h","tthhtthtttthtttttttxhhttttthhthhthhhtttththhththhxtthhttthttxhhthtthththxhttttttthxhhhhhhhhthhthththhtttt","Marathon"
"ingeborgR",26,"2HRK","h","hthththhththtxhhttthhtthththththttthhhtththtxtthhtthhxhhhhhttthtttttthtxthhhhththhthhttthhtthhtxthhtthhht","Marathon"
"ingeborgR",27,"2HRK","t","hhhttttthttttttthttththtthhhhttxhhttthhhthththhhhxxtttthhhttthhtthhhhhhtttththhhhhtttththtttthhttttthhh","Marathon"
"ingeborgR",28,"2HRK","t","thttththhhthhhthhttthhtttthththhhhhththhtthtxhtttthtttththttttttxhttthhhtthttttthhttttttthththhthtttht","Marathon"
"ingeborgR",29,"2HRK","t","tththhthtttttthtttttthttttthhhthththttththtthhthhthtttthttthttthtthttthhhtththhthhthhththhhhththttth","Marathon"
"ingeborgR",30,"2HRK","h","hhthtththhthhhttthhtthhtthhhthxthtttthhhhttthhhtttthtthhhhthtthhhhttthhhhhtthhtthhhhthttxthtttttthhhht","Marathon"
"ingeborgR",31,"2HRK","t","hhtttththtthhhhhththhhhhhhthhhhhhhhhxthtththhtthhhhttthtxththtttththhhttthtthhthhhthtththhtttthhhthhtt","Marathon"
"ingeborgR",32,"2HRK","h","xthhhhthhhtththhhttthhtthhhtthhthhhhhtththhhthhttththhhtthhththttttthhthhhhtththhtttththtththttttttht","Marathon"
"ingeborgR",33,"2HRK","t","hthttttttthttthhhttthhhhthhhthththhthhhttttthhhhtttththhtttttthhtttttthttthhhhhttththhthhhhhhhthhhhh","Marathon"
"ingeborgR",34,"2HRK","t","htthhhhthtxthhhhthtttththhhththhthththhhhthhthhhthhhthhhtthhththhtthhhtttthhhhththhhtxtttttthttthhthht","Marathon"
"ingeborgR",35,"2HRK","h","hthhththhttttththhhhhththhhhhhththhtthxhhthththhtthtthhthhhhhhttthhhthttttththhthtththxthhhxhthtxhthttth","Marathon"
"ingeborgR",36,"2HRK","h","hthttthhhhtxhtthtthtththttxthtthhththhhhhththxhthttttthttthhhhhthxtthhthtthhthhhhhthththhhhthhtthtthhtht","Marathon"
"ingeborgR",37,"2HRK","t","txhhtthhthhhtthtxthhhthhttththhhhhxhthhhhhhttttttthhththtxthhhtthttthhthhtxtththhhhttthhxthhthhttxttxttththt","Marathon"
"ingeborgR",38,"2HRK","t","ttthhhhhttxhhhhhtththtthhthhhhtthhhhhtttththhhtthhthhthtthhthhtthtthhhhhhhtthhxthttthththhhhhththtthhh","Marathon"
"ingeborgR",39,"2HRK","t","xthththtthhhthhtththhxhthhtthhhhhtttthhhxththhtxhththhhhhtttthhtthhhhhthttthhtttthhxtthttthtthhhhhhhhtthh","Marathon"
"ingeborgR",40,"2HRK","t","hhhttttttttththttthththtttthhhthhhhhhhttxhhthhthtthttthhhhhtthhthxthtttththtthtxxhthhhtthhthhttthhhtttth","Marathon"
"ingeborgR",41,"2HRK","t","hhthtxthtthththttthtthhtthhhhtttthththhtthhhthhtttttttthtttttttttxhhthththhtxttthhthhhxthhtttttttttththt","Marathon"
"ingeborgR",42,"2HRK","t","hhttttthttthhhttttththhhhhttththhhtthttttthhtttthttththhttthhhththtthhhxtththxhhhtthttththhhthhttthttt","Marathon"
"ingeborgR",43,"2HRK","h","hxhhhhtththttthhththtxthtthttttttthtthhhtthtthxhthhtthttthhthtthttthhhhhtthttththtthhhtthtthxhhtthththtt","Marathon"
"alexandraS",1,"1MXN","t","xhhhhxthhttxthtthhxthhhtthhhthttthhthhhtthhhthhhtthhxxhthxhthhtthtththtthtxhthhhttthhtththhhhthhthtxttthxxhhttt","Marathon"
"alexandraS",2,"1MXN","h","xtttthhthhxtttthttttthxhtthttthxthhhthhtxtththtttthhhhhtthxxxtxxththhtxhttxttttxhhtttxtthhhhttththhtttttthhthhhhht","Marathon"
"alexandraS",3,"1MXN","h","httthtttthhxtxhthtthththhhttthttxhhtthhthtttthhhtthhttxxthhttttxtthhhtttthtttxtttthtththxhthhtthhhhtxtthhhthh","Marathon"
"alexandraS",4,"1MXN","h","hhtxththhtthhtttthhthtthhtxtxthttttthtthttthhhthtttxthhtxthtttthhxthhhhhxhhttthhxhhhhxttthxhthhhhhhttththhhhhh","Marathon"
"alexandraS",5,"1MXN","t","ttththhhtxttthhhhhhhxhhhhhhththhhhttthttttthxhhxhhthhhttttthththhhhhhtthhxtthhhtthhthhthtxhttthtttthttttth","Marathon"
"alexandraS",6,"1MXN","t","ththhththtxhtttttttthhhtttttthhtthttxtxtthhhtthhxtthhhtthhtttthhhtxtxhhttttththtthtxhhthhhhttttttthhhhhhhtt","Marathon"
"alexandraS",7,"1MXN","t","xhhxhtttxttttthhthtxhhtthhhthhhtthttttthhhthxhhthhhhtttthhhththtxhthththhththhtxxthhttthtthhxhhxhthtthhhhhhhht","Marathon"
"alexandraS",8,"1MXN","h","hhhxtththttthhttthhhhhthhhtttttththttthhttttxhtthhhhtxtthtthtttthttththhhthttxthtttthhhhhhttttthhhththht","Marathon"
"alexandraS",9,"1MXN","h","hthhhtttththhxhhhthhhhhhtxttthhthttttxttthhttttthhhhttttxthhhhhtthhhthtthtthhtthhhhhxhttthhhthhtxhhtttttht","Marathon"
"alexandraS",10,"1MXN","t","thhxthtthhttttttxhtthtthththhhxhhhhxtxttxxhttttthtttthhhhhxhttttxhttthtthththhxhhhhthxttthhxhhthtxhttthhtththhhhh","Marathon"
"alexandraS",11,"1MXN","t","hhtththttttthhtttthhhhthhxthtthhhhhttttthxttthhtxhthhhthhtthhhhhtxthttttxtttttthhxththtxtthtttttttthththhxth","Marathon"
"alexandraS",12,"1MXN","t","ttthtttxhtthththhttthttttthhhhhxthtthttthtxhthhhhhthhhtxtthhhhhhhthttttxhtthhtxthtthhtthhhtththhhthhhhtxttt","Marathon"
"alexandraS",13,"1MXN","t","tttthhxthtxtthhhtthhhhhtthtttthhhtthttttthtxththhthhhthhththttthhhttxthhthttththhttxththhhttthhhhxthxhhhtht","Marathon"
"alexandraS",14,"1MXN","t","tththhtttthttttthhhhhthhtthhtttthhhxhthhhtttthhthtthhhhthhhththhhttthhhhhthtthttthxthxhtttttxhtthtttthtt","Marathon"
"alexandraS",15,"1MXN","t","tthttttttthtthtxtttxxxtthhtxtxhhhhttttttttttxttxthhthhtttthhtttttthtththxtxhhtthtttxhhtththhhtxthttthhttthxhhxtttt","Marathon"
"alexandraS",16,"1MXN","t","tthhhtttttxthttxhxthhttththhxhhtthhtttthhxhthhhhhtttxtthtthhtttttthtthhhthhhthhtthhhthttthhhhhxthhhhhtththh","Marathon"
"alexandraS",17,"1MXN","t","tttthhxthtthhtthththhhhhhhtttttttththhhhthxhhxhhhtthtthhtthhthxtttthtthhhtthtthhhttthhhtxhhhxhtttthhhthttt","Marathon"
"alexandraS",18,"1MXN","h","tthxthtththtxxttthxhthhhttttthtthtxthhttthhxhhhhtttthhthttthhthhhxhxtttthhthtttttthhthththhttttttttthhxhtthhh","Marathon"
"alexandraS",19,"1MXN","t","tthhtttththhtthhhtthhhttthtthhhxthhhhhhtthtxthhthhthhttxhttthxthhthtxtthhthhthhhhhhtttthhhthhhthttxttthhhh","Marathon"
"alexandraS",20,"1MXN","t","xtxhthhhhtthttttthhttthhtthhxhhhthhttxthtttxxhtthtttttthttthhthhhhthhhhttthttthththtththtttththhtxtthttthtt","Marathon"
"alexandraS",21,"1MXN","t","xthhtttthtthxhhhtxtthttttthxhhtthttttttththhtthxhhhtttxtttthttthhhhtttttthhhthhthxhtthhxhhhtttttxttththxhthhht","Marathon"
"alexandraS",22,"1MXN","t","tthhhthtxtthtttthhthhthhhhttththtthtthxthtthththhhhhxthttttthtxhthhthhhxhhhhtthhhhxthtthhhttttthhhtttxtttht","Marathon"
"alexandraS",23,"1MXN","h","hxxhthtxhhthxthttxhthhhhxthhthhtthhhxhthxxhhththxttthhhtthhtthttthhxtttthhthhhttthhttthhhhtxhhtttthhxtthxhhhhxthtxhh","Marathon"
"alexandraS",24,"1MXN","t","hthhtthxhttttttthhththxhhttttthththhhxthhhthhhhhhttthhthhhhhhhhhtttxxttttthxthtxtthhthhttthxhhhttttttthxhxhhxht","Marathon"
"alexandraS",25,"1MXN","h","htttthxhthtxhhhhxhhxttthhhxthxhhhththhhhhhxthxhhhxxtthhthhtttxtthxthttxhxhhhhtthhhxhttxhxhhhtttxtttththtxhththhthtttthh","Marathon"
"alexandraS",26,"1MXN","t","ttxxthhxttttthttthhttttthhhtththtthtthxtththhthhxhhhxhtthtxhttttthhhhthhhhhhhtthhthhtttthhxtthtthxxtxttthtthhth","Marathon"
"alexandraS",27,"1MXN","h","hththhtthtttththhthhttxthhxhhhhhhttthtttthhhthttthxhthxthtttttthttttthttttthtthhhhthhthtxhththhtttttthhtt","Marathon"
"alexandraS",28,"1MXN","h","xtxhhttthhtttxhhtththhhttttthxhhhhxhhttththhhthhththhxthhhtxthhxtthhhttthxhthhhhthtthhhttthhtttthhhhhhhhthhhh","Marathon"
"alexandraS",29,"1MXN","t","thxthtththtthtthhxhthhhttththhxttttttttxxhhthhthhhtxttttthhhhxxxhthhxhhthttxtthhhtthhhhthhhhthtthhhxhtthhhhhttht","Marathon"
"alexandraS",30,"1MXN","h","hthtthhhtthhxhtttththhtthtthtththtxhhtththttttthttththththhthhhthththhthtxtthtthhththhhthhhhtthtttttxhth","Marathon"
"alexandraS",31,"1MXN","t","hthxthttththhhhtxththhhhttthhhtthhxhhhhtxtxtthxxhhhtthhtthtttxxtxttthhhhtxttthttxhhttthtxthhhhhhxhthhttthttthhhttxt","Marathon"
"alexandraS",32,"1MXN","t","tttthttxththhxhtttththhtxhtthxhhxhxhtxtttxthhthhhhhttxhhthttxhththhthtxhhhhhhhtthxtxthhthhhxhhhtxththttttthhtxxtttttxt","Marathon"
"alexandraS",33,"1MXN","t","hthhhxhhhtttxhxhhhhhhhhhtthtxhhhtthhhtttttxthtthhhttthhhthtxhtttthhthtttxxtthhhhhhtthhhhxthxxhtxhhhtthhtththhtht","Marathon"
"alexandraS",34,"1MXN","t","thhthttthhthhththhhttthhhttxhhhhhtthhtthtxtthhhthttttthxhtththxhhhttttthhtthhhhtxxhhhttxhhtttthhttththhhhth","Marathon"
"alexandraS",35,"1MXN","h","htthththhhhttthhttththttthhhhhthhththhxhhttxtthhhththththhhxthhhhhhthhhhhhhhtthttxhthttthttthhthxthhthtth","Marathon"
"alexandraS",36,"1MXN","t","txthtttththhthttthtthhtthhxththththhxhhhtthttxtxtxhththtththtthhhthththhhhthhhtttththhhhhhtthhtttthhthhtht","Marathon"
"alexandraS",37,"1MXN","t","xhttxhhththtthhhtxhtthhthhtthththhxhttttttthhthhtththxtttthhhhthtthttxhthhhttthhhhhththhxhhthhttttthhhhthxht","Marathon"
"alexandraS",38,"1MXN","h","xttthhthhhtxhththhthhhhhttttthhttthhhhhtthhhthttthtthhthttttttthtxhhthhtthtxththtthtthththhtthththhhhtth","Marathon"
"alexandraS",39,"1MXN","t","ththttthhhhhthhhtttttthhhhtthhhhxhhhhxhthhthhththttthxtthhhhtttththhthhxthhhhtttthhhhthxtththhxhthhhtthttt","Marathon"
"alexandraS",40,"1MXN","h","hhhththhhhhhthttththtthtthhhhhhtthhhxhhttththtxhxthhtxhhhxxtthxthhttxhthhttthtthththhhthhthhttxhxhtttxhthhtxtthh","Marathon"
"alexandraS",41,"1MXN","t","xtthhhhhtthhhhhhhttxththhhttthhthttttttttththhhthttthhtththxthhtxthhthhhhthhhhhtthhxhhxttthhhthttthhthhhth","Marathon"
"alexandraS",42,"1MXN","t","hhhhhtthttthhhhtththhttttththtthhhhxhtthxthtxtttxxtththhhtthtttthththhhhhhhhtthhhtttthttthhhttthhxhthhxtttt","Marathon"
"alexandraS",43,"1MXN","t","txthhhttthhhhhtthhttthhhhhhtthxhhhhthtththtthhtthhthhthhthhthhtxhtthhttxhxtttthhttthttthhxhtthhthhhthhhhtt","Marathon"
"alexandraS",44,"1MXN","h","httttttththtxttxtthhhthhhththhttthtttththttthhhxxhhxhtxthhttthhtxtttththtttthxhtttxhhhhhhthttxttthhthhhhthhtth","Marathon"
"alexandraS",45,"1MXN","t","thhhtttthhtxthhhhthhxthttttxhthhhtththttthhxhhhhhxhhhhxhhthhtthhthhxhhthtthhhtxththtxhthtxtxtttxhhthththhttthhth","Marathon"
"alexandraS",46,"1MXN","h","httxhhhthhhhhhhtthxhtttthhhhhhhhthxhttttthtththxhtthtttxthhhtthhxthtthhhthhhhhttxthhthhhhhhhhthtthhthththhh","Marathon"
"alexandraS",47,"1MXN","t","htttthtxhxhtttxtxhtttthhhthhthhhhththhxhtthttxhhhthhhtxhhhhthhthttxththhxxhhhhhhxhhhhxhhxtttxtththhhthtxtxtthxtxttxhttt","Marathon"
"alexandraS",48,"1MXN","t","hhhtttxhttxtthtxxhthhthhthhthhttthttthhththtthxhthhhhhxhhhthhthhtttttthhhhhthhxthxhhhhhtttxttxhthtthhtthxhhhttt","Marathon"
"alexandraS",49,"1MXN","t","ttxtxxtthhhhthhtttthththttthhhhhthhhthhhtxhththtthhththxhxxtththtthxtxthtthhhhhxhtthhtthhthttthtthhhhtxthhthhhh","Marathon"
"alexandraS",50,"1MXN","t","thttxtthhthhtxhtthhhxhhthhtthhhttttthhhhhtthhhhhtthhhhtththhhttththhhhthxhthtxhtththxthttthhhthhxhthttxhhhhh","Marathon"
"alexandraS",51,"1MXN","h","hhtttxhttthhhththththhhtththhthhhththtthththhhtttthhtxthttttttththhxhttthhhhhthhtttttttthxhhhhhttttttxhth","Marathon"
"alexandraS",52,"1MXN","t","hhthhtxhhhtttthhthtthththththttttttthtttthhthhtttthttthxhhhtthhttttthhhtthtttthhthhhtthhhtthhthththxthh","Marathon"
"alexandraS",53,"1MXN","t","hhtthhhhhhttthhttthtthxhhxhttttthhhxhtxhhhhtttttthhthhttththhhhhthhhtthhhhtthttxththttttthtthtttthxxxhthttht","Marathon"
"alexandraS",54,"1MXN","t","hhthhhththtxttthttttttthttttttthhtttttttttthhttthhhhthhhtthhttththhththhtthththxthhhthtthtthhhhttthhth","Marathon"
"alexandraS",55,"1MXN","h","tttthttthhththhhhththtxhttththhthththtthhhthxtttxhhhthhhthxthhthhhttthhhtttxtxxtttththtthtthhhthtxthhhhthhhh","Marathon"
"alexandraS",56,"1MXN","h","tthhthttthhhhhhhhhtthhtttttttthhthhtttxhhthhtxthhxhththhhhhthhttxhthhhhthhttttxthttthhthtttxhhthhthhhttttt","Marathon"
"alexandraS",57,"1MXN","h","tttttxthhhthxhttthtttxttthtthtxhhtxhhttxttthhhhhththtthhhhtttthxxhthhhhhhtthhttththhtthtttttthttttthhhtthhht","Marathon"
"alexandraS",58,"1MXN","h","tththhtthhtttthttxhhhhttthtthttxhxhhhhthththttthtxhxttttthththhtthhtttththhxtxtthtttxthtththtththhhhttthhxtht","Marathon"
"alexandraS",59,"1MXN","t","ttthhxththththttttthhtthxttthhthhxhhthhthhhtxtththhhhthhxthhttxtthhhhttttxhhhthhxhhhthththhtthhtthtxhhtthtxttt","Marathon"
"alexandraS",60,"1MXN","t","tthhhthhtttttttttthttththhhttthhtttttthhthhtthtttxhhttttthhtxttthhhtththhththxxthtttthhttthtttttthhthxthxt","Marathon"
"alexandraS",61,"1MXN","h","hthhhhtthhhthttththhxtthhththhhhthttthtxhththtxthtththhhxhtxhtttttxhhhhhtttxthhhtthhhthhtxhhththtthhhxhhththt","Marathon"
"alexandraS",62,"1MXN","t","tthhhhhthtttthtttxhhthhhthhhhththhthxhthhhhtthhhhhthththhtxthhhtthhhhtttttthhhhhtththxhxtxhtththhhhxhththth","Marathon"
"alexandraS",63,"1MXN","h","ththhthhthhhttxhhthttthhtthhhttththhhthxthhhhhhhhhttxhthhthttthhhthhttthtxhhhhtthhhxhthhhhhthhhhhhhxthttxhh","Marathon"
"alexandraS",64,"1MXN","h","xhtththhttttthththhththhhhhtthhhttthttthhhhttttxththtttthttxthtttttthhtththhhhhxthhhthhhhththttxhhttttxtth","Marathon"
"alexandraS",65,"1MXN","h","htthththhtthhhhttxthhthhthhhtththhhhxthhhxhhhtttthxtxthhtthhhxthhthtxhhhthhtthxhthhhhhhhhhhxthhxthttttthxtththh","Marathon"
"alexandraS",66,"1MXN","h","htthhhthtthhxhthhxtthhhhxththttxhhhhtthhhtthtthhxthtttthhththtttxthhhhtxtthhhhththhhttthhtttthttttthttthhht","Marathon"
"alexandraS",67,"1MXN","h","htthtttthttttthhtthtxtththhthhthtthtthtthhhthhttthhhhhhttthhhttxhththtthtthttthtththhtthtttttthhxthttth","Marathon"
"alexandraS",68,"1MXN","h","thhttthhhhtthhtththxhhhhhttxxtthtthtthxhthtththththxthhhhhthtthhthhxhhhhtxtthhhhhhthththhhhtxhttttxtttthhttxth","Marathon"
"alexandraS",69,"1MXN","t","htthxhhthtthhtthhthhhtththtththttthttttttthththttttthttththhthhhhthhthhhhhththhhhhhhhhthhttthhtxhttttt","Marathon"
"alexandraS",70,"1MXN","t","tttttxhhhxtthtththtthhttxhthtttthhttthhttthhhxhhhththhthththhththhttttthtthtxthhttxhtttthttthxthhthttththhxh","Marathon"
"alexandraS",71,"1MXN","t","xhhthttxhtthxthtttthhthtxhthththtthtxthttthtththhththhhtththththhhhhhthhthtttthtthhhhtthhttttthtthhtthxttt","Marathon"
"alexandraS",72,"1MXN","h","thhhhhtttttttththhthhtthtxthththxhtthtttttthtthhhtthhhttthhttthtthhtxxttthxttthxthtththxhthtxtthxthhhtthhhtth","Marathon"
"alexandraS",73,"1MXN","h","xttttthhhhhtttthhhxttthhhtttttttthtthhxtthhtttthththhhtthxttththttttththhttthtththhthhhhttthththhtthxhtht","Marathon"
"alexandraS",74,"1MXN","t","hxthttthhtthhttttthttthtthhxthttthtthhtthhhhhxtttthhhhtttthhtttxtthttthhthtthtxtthhxtthtttttxtttthtxtthhhttt","Marathon"
"alexandraS",75,"1MXN","t","hthttthhhhhththtthhhttthhxthhhtxhhxhtththhthhhthhhttthttttthtthttthhtthtttthhttthhhhttthhhtthhhxhttthtxth","Marathon"
"alexandraS",76,"1MXN","t","htthhtthttthhthhtththhhhttthtttttththtthhhhhhttttthhhhthxththttttthhhttthhtthhtthtttthxthhthttttttxxthtt","Marathon"
"alexandraS",77,"1MXN","t","hhhtttttthtttthhtthtxhthhhhthttthtthttthxhhtttthhhthththhthhthhhtxhxthxththhttthhxhttththhttthththhtxhhhhhh","Marathon"
"alexandraS",78,"1MXN","h","hthhhhtttxttththhxhhhtxthhhxxthtththhhthxhttthxtthhhtthhhhthtthtthhxhtthhthhxththhhthhthtttthhhttttthtttthhtt","Marathon"
"alexandraS",79,"1MXN","h","httttttthttxttttthhthhhtxxhhthhhtttttththhhttthtxthhhthxhhhththhtttthhhtthhhtthtthhttthhthhthhthtthxhhhthh","Marathon"
"alexandraS",80,"1MXN","h","xttthxtxttttxthhhhtthhhtttxtthhhtthhhththhthhtththhhhhhhhthtthhtttthtthttththhhththhhtthhtthxthtthhttthttt","Marathon"
"alexandraS",81,"1MXN","h","xtttxhtthttttxhtttthhhthhhtxxhhththtxhhhxxtthttththhthhthxhtttththtthhtthttthhtthttthxhhhhttthhthhthhtttthttxht","Marathon"
"alexandraS",82,"1MXN","t","txtthhthhhtththhthhhtthhhthththxhhhtthtttxtthtttthtththhthhxthhtxhhhhtttthhhhhhhtxhhthhhthttttthhttttthxhht","Marathon"
"alexandraS",83,"1MXN","h","thhttthhthttthhtttthhhhhhttthtthhhxhhtttthhhhththhttxththhtththttthhhthtthhhththtthtthhxhhhthxhtththhthxt","Marathon"
"alexandraS",84,"1MXN","h","hhhtththhthhhhhxhhtttthhxthxhhtthhtthtthhththhhhhhtththtthhththhhhtxtxttxttttthhhthhthtthhhhhhhtttththtthxttthtthttxhhthththhtthhhttttttthtthh","Marathon"
"madlenH",1,"0.50EUR","h","ttthxhttttttthttxhthtthxxhtttxhhhxhhhthhhhtthhhxhhxxttthhhhxxthhxhthhhxhhhttxthhhtxthxhttthtthhxhthtttxhhtxtxhhtxhhhhhtxtt","Marathon"
"madlenH",2,"0.50EUR","t","thtthhxhtthttththxxthhttxtthhhhthtxhhttththhhththtththhthhththtxxthtxthhxthhhhhhhhthhxhhhhttxtxtxttthhhhhhtttttxhxh","Marathon"
"madlenH",3,"0.50EUR","h","thhhhhthxttthtttttttxhtttxtthhhhhtthhhhhhhtttthhthxthxhhxxhttxtthtthtthxhhhttxttthhxhxttththhthhtthxtxthttttthhhhh","Marathon"
"madlenH",4,"0.50EUR","t","thhhtthhtthhthhtttttthhhxhhhhtthxhhhhttthhhtthtthhhhxhhhhttxttthttthhthtthhhxthhthtxthhhthtthhxhhhthhthhthh","Marathon"
"madlenH",5,"0.50EUR","h","ththtththhhtthhhhhttthhtthhttttththtttthhhtxthhtthhhthttthhtttthhthhxhxhttthhhthttttxtxtthhhhhhxhtthhxttthh","Marathon"
"madlenH",6,"0.50EUR","t","thxhxxhhtthtththhttthhhthhtttxttthtttttxttxtthtttthhttthtthtttthththhthxhhthtthhttttthttththhhtthttxhhxhhxtthh","Marathon"
"madlenH",7,"0.50EUR","t","thhhxhttththtthhhhhhhhtthhhhtttttthhhthhxttthtthtttthhhtttththhhhtttthttxtthxtxhthhhtttthttthttxhtthtttttt","Marathon"
"madlenH",8,"0.50EUR","h","httttthhtxxhththxtttthhtttttthtttttttxttthhtxthhthhtttthxxhthtthttxthhhthhhttxxxxttthhthtthxthxhttxhtthhxthtthtttxhht","Marathon"
"madlenH",9,"0.50EUR","t","hhthhtthththhttthxthtthttthxxthtthhtththhxthhthhhtxhhtthxxthtxthttthhhxhxtttthhhttttttxthhthhthhhttthxttthhttttt","Marathon"
"madlenH",10,"0.50EUR","t","hhthtththtththhxhhtxttthhthhhhtthtthhhthththhhththhthtthtxtththhhhhhhhtxhttxhxthttxtthxtxxtxtthhthhhxhhhttththhh","Marathon"
"madlenH",11,"0.50EUR","t","ttxttttxththhhththttthhhhhttthxxxtttthhhhhthhthttttxhtxthttthhhxtthttthtttthhhhthxhhttththttththhxhhhhhhtxhhxhxtt","Marathon"
"madlenH",12,"0.50EUR","h","tthhhhtthhtttttthtxhxxhhththhthhhhhttttttttthttttttthhhtththhhhhhtttthtthxhhthhhhtthhtthhhhhhhhthhhhttth","Marathon"
"madlenH",13,"0.50EUR","t","xhthhthtthxthtxtttthhtthtththtttxthhhhhhxhttxhhthxhtttthtxtthhthhhhhhhhhtxtttththhxxhthxthtttttxhhtthhxhhtxhtthhhhxxh","Marathon"
"madlenH",14,"0.50EUR","t","htthtthhtthhthhhhhhhthhttxtttthxhthhhtttttthxhthhttthtxhxhtxthxhhxttttxtthhtxtthhtxthhthxhtttxtthhxhhxtxhthhhhttxttth","Marathon"
"madlenH",15,"0.50EUR","h","ttthththxtththtxhthtttthtththhhtthhhhttttxxttxttthttthtthhhhhhtttttxhhxthhthtthhhtthhtthxxtxhtthtthhxhtttththhxh","Marathon"
"madlenH",16,"0.50EUR","t","tttxthhttthhhtxthhhtxtttttththhhxtthhhxthhtthhhhtxtthtxhhtthhhthttxhthtthhhhhhhhxhttthhxhttthhtthhhhxhhxhhhhthtt","Marathon"
"madlenH",17,"0.50EUR","h","tttxtthhhththhxhtxthxtttxtthxhtttttxhxthtttxthhthxtthhhhhhxhthhttxthttxtttttthxtxhhthxhtthhttttxhhxhthhhhhxxhhththththth","Marathon"
"madlenH",18,"0.50EUR","t","xhxthttthhththtxhthhttttttthhttththththhhtthhhthxttthhhxhxhxhtttttxththhtttttthtththhhhxhhhhhtthhhhhthxhttthtt","Marathon"
"madlenH",19,"0.50EUR","h","ttthhhxxhxhthtththhhttxtthttxhhtthhxhtthhthhhhthhhhhxhhhhhhhthhtxtxhthtthhhhhxthhthttttththtthtthhhhtxhxhhthtthh","Marathon"
"madlenH",20,"0.50EUR","t","ttthththttthhthhtxhhhhhhttthhhhthhhhttthhhxhththhhththtththththttxttttthhxtttttthththtthhhhthtththhxhthhh","Marathon"
"madlenH",21,"0.50EUR","h","hhhtthtttxthththtttthhhhhthhtxtththtthhttttttthtttxhhthhhttxhhthhxhtththxhthhhhttxttttttxhhhtttthxhhhhtthttht","Marathon"
"madlenH",22,"0.50EUR","h","xttthhthhttttttttxttthxhththhthhhxhthhhhhhhthhhhhhttthhxthxtthtttththhthhhhhhtthhtththhhthhhhhhxhhxhthtxthhhh","Marathon"
"madlenH",23,"0.50EUR","t","thhhhtthttththtxxttttthttttthhtthhhhttttthtttththhhhxthtxthttxtthtthttththxhhhthxhhhttttthhhthtttthxthttthhh","Marathon"
"madlenH",24,"0.50EUR","t","htthhhhthhthhhthhxthhtthxttttthhhhhhhthhhttthttthttththtthtthhttxhthhttthttxhhhhtthtttththttttxhhhthtthxhh","Marathon"
"madlenH",25,"0.50EUR","h","ttthtththhxxhhthhxthhththhhhtttxththhhttthhhhthhthhxhxthhththtthttttxhhtttxxttxthttttthhtththththxttxthhhthhhtxth","Marathon"
"madlenH",26,"0.50EUR","t","thhhtxhttthtthhthhthxththtthtthttthhttxtthxhthhtxhxtttthhthttththhththhxtththhhththxhhhttxttthtthxhhhthhthhtth","Marathon"
"madlenH",27,"0.50EUR","h","hhtthtxhtthhhhhhtttthtttththtttxhhthththhhhhhthththtththhthxthhtthtxhtttthttthhtxththththhhththththththth","Marathon"
"madlenH",28,"0.50EUR","t","hhttthhhththtxhttttthhhhthhhhhhthtxttttthhxhhhttthhhhttxhhhthhhhttxhxhhtttxhxththhthtxhttththhhthtthtthtxhthtt","Marathon"
"madlenH",29,"0.50EUR","t","hhttxthtttthhththtththhxhtxthtttttthhhththtxhhhtxhxtxthhthtttxhttththxhthttththhthtthththttxhxhhhthththhhttthth","Marathon"
"madlenH",30,"0.50EUR","t","htthtthththhthhthhthhhtxhthttxhtxththtthhttthtthhtttthhhththtthhthhhththhhhxthttthtthttthxhhttthththhhxhtt","Marathon"
"madlenH",31,"0.50EUR","t","hthhhhthhthhtthtthhthththhtttthtthxtthhthtthhhthxhtthtxhhtxthtthxttthhththttthththhtxttxththhhhhthxhththtxhht","Marathon"
"madlenH",32,"0.50EUR","t","hthhhhhhhtthththtthhththtthhththththtththththttxtthhhhtxttttthhxtththhhthttthhthtttththththtththhtthxthh","Marathon"
"madlenH",33,"0.50EUR","h","tthhxhthhxthtthhthtttthththttttttthththxthhhthhhhthttththttxtxththtthththhhhhhhhhhhhhhhhtttttttththhhhhtht","Marathon"
"madlenH",34,"0.50EUR","t","tthhxxhhttttthtthhhttxttttxttthhtxhhhthhthhttxttxhttthhththttttththhxthhhththtththtthhtxhthttthtxththttthhxhhhxh","Marathon"
"madlenH",35,"0.50EUR","h","htththxthtttthhhtxttthtttthhhhtththxhxxthhtthxtttttthtthhhhhhhtthtttthththththxxhtththhtthtxttthhthttthhtxhtxtt","Marathon"
"madlenH",36,"0.50EUR","t","htthhthtthtxtthttttthhththttttttththhtttthhhhtthhhhhttththxthhhtttthttxttxtttthhhhtxthxthhhhthhtttxhhtxthtxtt","Marathon"
"madlenH",37,"0.50EUR","h","xthtthtxhhttthhhthhhtthhhttthttxttxtxtttxxttxthxtththhhhthtttttthtthhthhtttxttxtxhhhttthtttttththxhthhttttttttthtt","Marathon"
"madlenH",38,"0.50EUR","t","tttthtthhhhhxxthxtttxhtthhhttxthhttxhtthhhtthhthttttttxhtttxhtttthththtthhtttxthttthhthhxththhthxthxthtthhhxhhhhh","Marathon"
"madlenH",39,"0.50EUR","h","tttthtttttthhhthhhxthtttthxhhxttxttthhhhhthtththhttthhhtxttxhhhtxttththhhhhthtthththhxttthhhtxhhthtththtthhxtt","Marathon"
"madlenH",40,"0.50EUR","t","ttttttthhhhhhtthtththhhtthxthtttthththxhtthtthtththtthtthhhtththxhhhxtthxttttthhhhhhhttttxthhhhtxthhtthtttt","Marathon"
"madlenH",41,"0.50EUR","t","tthttttxthxhhhhthhhttttthhtthhttttthththxthththhhthhttxhthxtxhhthxthhhthhhttthtthxhhhhhxtthxtxthhthhhhxxhthhhhhth","Marathon"
"madlenH",42,"0.50EUR","h","httttxhttttttttthhhtthttthxhhhtxthhhhttxxhttttxhhhhhhhhxhhhxhhttttttxhthhhxhtthhhtthhttttttthtxhhtttttxttxhhxhhthxt","Marathon"
"madlenH",43,"0.50EUR","t","htththhtxhthhhhhxhhthhhxhttttxtthhhthttttttththtthhxhhxhtttxhhttthhhhthhtttthtthhttxtttthhtththhthtttxtxxxtxxtxxxhhhxt","Marathon"
"madlenH",44,"0.50EUR","t","tthtththtxtthhhtthxhtxththhthhhhttthttttthxhhthhhxxhhhhtttxhxhtthththttththxthxtttxttttththththhhhhthhththhhhth","Marathon"
"madlenH",45,"0.50EUR","h","thhttttxhhhhhtttttthhxthttttththtxhtthtttthxhtthtthhhththtxtthhhtthhtthhhthhhtthtththhthttxhhhtthhhtthhhtt","Marathon"
"madlenH",46,"0.50EUR","t","ttttxtthhhhthhthhhhhhhhththhhhhhtthhttxhtthhthhhxhttthhhhhxhhhtttttxtttxhthxtttthtxhtthhtthttxhththhhxhthxttthh","Marathon"
"madlenH",47,"0.50EUR","t","tththhhttthxhththtthththtthttththxtttxtttthttttthththxtthttttthhthxtthxttththhththhttthtttttthhththttthhxhh","Marathon"
"madlenH",48,"0.50EUR","h","xhhhhhtttttttttxththhhhthtttthtththhttxhthhhxthhttttthttthththhttththhhhhhthhtttthtttttxtxthtthtthxhthhtthh","Marathon"
"madlenH",49,"0.50EUR","h","thhhttthhthxhhttxhtthhtthhhthhtthhhtxhttttttttththtxtthxtthhhhttxthhhtthhhhthhtthhtthhhhhttthtththhhttthhh","Marathon"
"madlenH",50,"0.50EUR","h","thhttttxhhtxhhthththhthhtthhhtthtxhthhthxthxhhtttxtxttthhttxththtthhtttthxxththhhtthhhhthtththhthxhhhhhhhhhthtt","Marathon"
"madlenH",51,"0.50EUR","h","hhhttththhthtttthhhhtttxhhttthhtthtxtthhtthhttttthhhhxthhxthhxtthhtthhtxthtxhthtththttththtttththhhttttthht","Marathon"
"madlenH",52,"0.50EUR","h","hhthhhhhtthttxhhttttthhxtthttthththhthththhhhhhttttxtxtxtthhtththxhtthttthhhhhthhhttttththhthttthhtthtxxtthh","Marathon"
"madlenH",53,"0.50EUR","h","thhttthhhtthhhhhttthhhhhthhthhhhhhhththttthtthttthhthhhhthhtthttthhthhttthhthhhhxhhxthththhthhhtxhttthtt","Marathon"
"madlenH",54,"0.50EUR","t","thttththttthhtththtthhthttthtttthhththhththtxxhttthhhttttxhthhththhthtxhhtthxhhththxhhxhthhhtxhhttthtthht","Marathon"
"madlenH",55,"0.50EUR","t","hhhttththttthhttttthtthxttththhhttthhtttthhhtxhttthttthhthxtttthxhthtxhttttttxhhththxthhhtxththtttthhttthh","Marathon"
"madlenH",56,"0.50EUR","h","thhththhthhttthhhtttthtthtthtthhthxthhhththhhhhhhhtthtththhhhthhthxhhhhtttthththhthtthttttthtthtttth","Marathon"
"madlenH",57,"0.50EUR","t","htthhhtthtxhhhhhttttthththhthtthhttthhthhhhhhhthttthththhhttxthhhthhhhtthhtththttttthtthtthxxhtthththhxtt","Marathon"
"madlenH",59,"0.50EUR","t","xtxhhtttthxhthhhtththhhthththtthhtthtxhhxtttthhhtthhthxhtttxhttthhttttxhtththhhttthtthxtxthxhhhthhhthtttxthhhtxxht","Marathon"
"madlenH",60,"0.50EUR","h","htttththttthhtxhhhttthhtttxhxhhhtthxtttxhhxhtttthttxthhtxhthttxhthhthhththhxtttthhhttxthhtttthhhthhhhhtxtttxthxtht","Marathon"
"madlenH",62,"0.50EUR","h","hthhhxttxtttththtththhhhthttxthhtthhtttttthhhttthhthhhhxhtthxtttthththttttthtxthxhtttttxtthhhthththhtththxhhhh","Marathon"
"madlenH",63,"0.50EUR","h","hhxhttxhhhthhhttthtttxhthtxtthtthtxththhhhthhhtxhtthhhhxhthhtthtthxhhtttxttxthhtthtthxhttttxhtthhhhtthxtthttttxhhtt","Marathon"
"madlenH",64,"0.50EUR","h","txtttthhtthhxhthhhttthhthxhxthhhthhthxhttxhthhhtthhhtthttthhtxhttthhhhhtthtttthxhthhxthththtthtttthhhxhhhtttht","Marathon"
"madlenH",65,"0.50EUR","h","thtthhthhtxttttthhtthtxttttxhtthhhththhhthhthhhtthhhtthttthhtttththtththhxththhxttttthhhxhhhhttthhhhhhtxtth","Marathon"
"madlenH",66,"0.50EUR","t","hhhtththtxttththhtthhtxhtthhhhthhxhhhhhhhtthhthththxhhhthtthtthhthtththtttttthtthttxtthhhthhxhthhxtttttthtt","Marathon"
"madlenH",67,"0.50EUR","t","xthttthhhhhhtththhhhthhttthxththtxttthhttxttttthhhxhthhtttthhtxhhxththtthhtxthhhtttthhhhhhhhttxtxthhhthhhhhhtt","Marathon"
"madlenH",68,"0.50EUR","t","ttttttthhxhthtthhthhhhhthhttthtththhthhhhhttthxththththhhthxhhtthtxthhtxhhhhtthtttxththhhttttthhhhhhtxtthth","Marathon"
"madlenH",69,"0.50EUR","t","hhtttthhhthththhhthxhhhttthhhththththhtttththhhxththtttxhhxhhtthhththhhhtxhthxtttxtthhththttxhtttthhtthxtthhh","Marathon"
"madlenH",70,"0.50EUR","t","htttthtthtxhttxthhtttxhththtxhhhhhttthhtththththttthhhhhthhthhhhhtthhhtthhhthtttxhhtxthhhthtthththxhxhthhhxht","Marathon"
"madlenH",71,"0.50EUR","h","xhhhhtthhhxhhhtttthhthhhhtxttttthhthxxhtthttthtxtththtttxtttththhhhhhhhhhthhxtthtthhtthhhhtththhthhhthhtttxht","Marathon"
"madlenH",72,"0.50EUR","t","tttthxhhthtthhhtttttthttththhhhhtxthththtthhhtthhhhthtxtthhthxhthhthxttttthtxhtxhttthttththhhthththhhhhthth","Marathon"
"madlenH",73,"0.50EUR","h","hhhhthhhhhhhhhxtthtxhxhhthtxttththththxtxhthxhththttttthhhhtthhttttxhxthhhththxhthhhtttththxtttthhxthhhtttttthtt","Marathon"
"henrikG",1,"2EUR","h","hhttttthththhhthhthhhhhhthhtthtthhtththttthhthththththhttthtththhtttthhhhhhthttthhhtthhhthhthtttthh","Marathon"
"henrikG",2,"2EUR","t","ttththhhttttthhthtthhthttttttttthhhhhthtthhttthhtthhhtthhttthhhhthttthhttttttthtxtthttttthhhhhthhhth","Marathon"
"henrikG",3,"2EUR","h","hthhththtthtththththhttttthththttthhtththtttththhtthtthtthhhththhhhxthttthhtttthhthhthhttthththhthhhh","Marathon"
"henrikG",4,"2EUR","t","hhththhththththhtthhhhhthhhthhththhtthhtttththhhhhthtttthhtthtthttthhhtttttxththhthhhtthtttttttthtthh","Marathon"
"henrikG",5,"2EUR","h","ththhhtthhtttthtthtthththhtthtxthhhhhhhhhtthhhhhtttttthhthhtthhhththhhthttthhhhtthtthhthttthhxhhhtthtt","Marathon"
"henrikG",6,"2EUR","t","hhththhthhtthhtthttttthhttthhhtthhhttttttttthhttthhtthhthhhtttthttttxththttttxthhththtthhtttttthhtthth","Marathon"
"henrikG",7,"2EUR","h","thththhhhhthttthtthtththhthhhtttxhhttthhtthtththhtthhtthtthhhhhttthhhhthhthhhthtthhttttthhthhthttthxhh","Marathon"
"henrikG",8,"2EUR","t","hthhtthhhthththhhtththhthttxththhhtthhthhththhthtththhtthhhhhtttttthhhtththtthtttttttthhxhthtthtttthtt","Marathon"
"henrikG",9,"2EUR","h","hhhttththtttthtthhtthtttttthtthtthhhttthhttthhhhththtttthhhthxtttthhttththtthtthhhttthhhxhhththttthhhh","Marathon"
"henrikG",10,"2EUR","t","tthhtthhhhtthhhhththhhtthhthtttththxhhthhtthhhxhhtththtthtthhhhtthhthhhhhhhtttththttthhthhhtttttththhh","Marathon"
"henrikG",11,"2EUR","h","hththhttthhthhtthttttththtthhhhhhthtthtthtttthtttthtttthhththhhhththhttthxttthtthtthtxtthhttthtttttht","Marathon"
"henrikG",12,"2EUR","t","hthtthhthhthhhhtthxththtthhhtttxtttttttxtxhxthtthxththhhthhtttthhttttttxthhxttthhththththtttthhtxhthtthhhhtt","Marathon"
"henrikG",13,"2EUR","h","tthhhhththtttthhhthtthtttthhhthhtthxxhtthhthhtthhhttttthtthhtttthhthhththhhtttthhhhththtttthhhhhxhtttth","Marathon"
"henrikG",14,"2EUR","t","hhhthhtthtthhtxttththttttthhhhthhhhhhtthhtthhtthhhhtthhthhtthhhhhtthhttttthxtthhhthttxtththtthttttttthh","Marathon"
"henrikG",15,"2EUR","h","tttthhtttththhththttttttxthhtttthtthttththhhthththtttththhhttththttttthhththhhthhhthxhhhthhhthtthhhhhh","Marathon"
"henrikG",16,"2EUR","t","ththhhttthhhttttxtthttthhthhhhhhhtthhhththhhtthhhhhhththtttthttttthhhththhhthttthtttttthhthhhththhttth","Marathon"
"henrikG",17,"2EUR","h","hththhthhhhtttththhhhttxtthhththhhhhhtttthtththhhhhhhhthttthhhhhhthtthhhththtxtthhththxtthhhhthtttttthh","Marathon"
"henrikG",18,"2EUR","t","tthttttthhtthtttttttthhhhhhhhhttthttthththtttttttttthttttttttthtttthhthhhhtthttthhhhhthhhtxthttthhhhh","Marathon"
"henrikG",19,"2EUR","h","hthxhthhhtthttthhtttthhhhthtttthhhtthththhtttthhhhhththhttthhhhtttttthhhhhtthhhthhthhhhxththhhththhtt","Marathon"
"henrikG",20,"2EUR","t","hhhhttthhttttthhttththhthhthhhtthhhtthhhhtttthhhhthtthhthhthtttthhhthhtthtttttththxtthhhtthhthtthhhhh","Marathon"
"henrikG",21,"2EUR","h","htttththhttthttthhthttthtthtthhtttthxhhhhhhhttttthtxhhhtttthhthttttttthhthhhtttthththttthhhhhthhtthtxtt","Marathon"
"henrikG",22,"2EUR","t","ttttthhththtthhhhththhttththhhhtthhhhthththhhttttthhhttthttttttthhtttthththttxtthhtthhththhhhthhtthth","Marathon"
"henrikG",23,"2EUR","h","thhhttthhthhhxtthhhthhthtthhhhhhhttthttthhxhthhhhhhhtthhhxhhhttxxxthtthttthtthhhhhttththtththxthtththhthhth","Marathon"
"henrikG",24,"2EUR","t","tthththttxththtttthhtthththtttttthtthhthttthtthhthhttthtttthhthththtththtthhtthhhthhhtthhthhhtthhhtht","Marathon"
"henrikG",25,"2EUR","h","hhhtthhhhththhtthththhthtttththhthttttthhhtthhhhhththhhtthhthhhhhttththtxhhthtttthhthtthttthtttthhttt","Marathon"
"henrikG",26,"2EUR","t","htxthhhttxhhtththththhthtththhhxthttthththththhtxhtthhhhthhthhhhtttttthhhtxthhhhtttttxttttthhhtthhhhhhhtht","Marathon"
"henrikG",27,"2EUR","h","tthtttthhhhhthhhhhththhthhtttthhthhtthttttthtttthhhhtthhhthhhxthhhhhhtthtthththhhhttthththtththtththt","Marathon"
"henrikG",28,"2EUR","t","ttthhxhhththththhtthhtththttthhththhtththttththhhhtthxttthhhxhttthhtththhhtttthhhthhhthtxthhtthhhhhtthht","Marathon"
"henrikG",29,"2EUR","h","hthtthtththhhhththhhtththhhttthttththhthttttthhtttththtthhhthttttxttxthhhhhttttttxhhthtthhhhhthtttthhhh","Marathon"
"henrikG",30,"2EUR","t","thxththhthhtthhtthhhhtththtttthtttttthhhttttxthhthtthhhhthhhttthttttthtththtthtthhttxhthhthxtttthhtttthh","Marathon"
"henrikG",31,"2EUR","h","tttththhhtthhhhtttthhxhthththththhhhhxhhhttthhhttthhhhthtthhthtthhhthhhhhthttthhhthhhthththhhthttttth","Marathon"
"henrikG",32,"2EUR","t","thtthhhhhhhtthtttthtttththhhhhttththtthhthththxhthhhthhtxxtthtttxhhthttththtthhhtthtttthhtthhtthhththtxhh","Marathon"
"henrikG",33,"2EUR","h","thhhtthtxthhhttttthhhtttthhhhthhhhhhthhhhttthtthttthtxttthxttthhhttttthhththhhhhhtttxhhhhtthhthhhttththt","Marathon"
"henrikG",34,"2EUR","t","hhttthhxhthhhthttttthttthththhhthhhtthxthththhthtthhhthhhhxthtxhthhhhhhtthhthhxhhhttttththhthhhthhtttthth","Marathon"
"henrikG",35,"2EUR","h","xtttththxhtttththttthtthththththhhtttthhhhththhthhthxxhttthhhhhhththtthxxtttttttththhthhhthhtthhtth","Marathon"
"henrikG",36,"2EUR","t","hhtththhhthtthhxtthhhththhttthhtttthhthhtthxtthtttthhththhxhthttttttththxhthhttthhxhthhttthtxttxxxhhhhhthth","Marathon"
"henrikG",37,"2EUR","h","tththtththttthttththttttthhhhhhhththxtthhhthhttthhhhthtttthtthhhthhhhttthhtthhthhhhhttththhhtthththhh","Marathon"
"henrikG",38,"2EUR","t","hthtxthhttthtthhhtxhhtxhttthhthttththhhthhtthtthhhhhthhhthhhtthttxthtttttththhhhhhtthhhhhtthhhhhthhhhhtt","Marathon"
"henrikG",39,"2EUR","h","thtttthhhhhthtttttththttxhtttthhhthhhtxhttttthhththhhhththhhtthttxhhhthtthxxxtthttxthtthtthxhhhttthtthhtthtt","Marathon"
"henrikG",40,"2EUR","t","ttthththhhtthhtthhhhhttthhttththtthttthttthhxthhththttthtthhhththhththttthttthhthhththhttththttttththt","Marathon"
"henrikG",41,"2EUR","h","hhhthhhthhttthhhtthxhhhhhhhhhttthhhttthhtttthtththtxhhthhtthxhhhtthhthhthttttttthtxttttthxhhthhhttthtttth","Marathon"
"henrikG",42,"2EUR","t","ththhxhttthhttthttttttthttthhthhhhhhtthhtttthhththhtttxtthtxhhhhhhhhhhthhttththhthhhhtththhhtxththhttttt","Marathon"
"henrikG",43,"2EUR","h","hhthhthhthxththhxxhtthtthxththttththtthhxtthhhthtthhthttthtthhhtxhhhthhththhhttthhthtthhhtthxthttttthtttht","Marathon"
"henrikG",44,"2EUR","t","hthxttthttthhtthththhtttttththhtthtxtthttthttttxhhhthhthhhhhhtthhhthtthhththhhthxttttttxttxthhthhttthtthhh","Marathon"
"henrikG",45,"2EUR","h","thtththhhththhtttthhxttthtxhhthhthhhhthxthhhthtxhhhhtthtthxthtthhthtttttthtxthhxthhthhhtthtttthtthththhttth","Marathon"
"henrikG",46,"2EUR","t","ththhhttthtthhththhtththhtttthththttthhththhtthhhtthhhtthxhthththtttthhhhtttthhthhtxthhhhxttthhxhhhthttt","Marathon"
"henrikG",47,"2EUR","h","htttxtthhhhtxthhhxtxhthtttthhhhtthththhththththhtthhxttxthtttthhhtttthhtxhhthththhtththhthtthxthhtthxthhhthhh","Marathon"
"henrikG",48,"2EUR","t","hhtthhhhttthhththtthxhhhtthtttttthhththhthttxhhhhttththttthhthtxhthhhttthhthttttthhhhhhhhhththtxxhhtxhtttht","Marathon"
"henrikG",49,"2EUR","h","httttththtttthhthtthhhhthhttthhthtttttthhtthhtthhhhthtthttthhtthhthhtththhthtthttthhthtthhxhhxttthhhth","Marathon"
"henrikG",50,"2EUR","t","hhhtthhthhttxtthhttthxtthhhhhtttthhhthhhhhthhhhhtthhthxhthxthhxhtthtthtthhththttttxththhthxhxttthhthtxhtthtt","Marathon"
"henrikG",51,"2EUR","h","thtthhttthhhthhhththttthtthhhttthhhttthhthtthhhtthtthhhhhtthhthhhxhthththhhhhttthhthhtttthhxhtthhhhht","Marathon"
"henrikG",52,"2EUR","t","htththhttttthtxtthtthhtthhhttthhttthtttthhttxhtttthhhtthhththtthhhhtthxhhtthhhhhhtthxhttthtththtxttthhhtt","Marathon"
"henrikG",53,"2EUR","h","hhtthththhhhxthttttthhthhxhtthhtthhtttthhthhhxtththhththxtthhhthxhthhtttthtthxhthxthhttthhtthhththhhhhthhth","Marathon"
"henrikG",54,"2EUR","t","hhxtthhhthhtthhhhtthhhhthhhhthttththhtthhhxtthhttththhtttthhtxttthhthhxthhththhhxhhhtthxhhhthhhhhhtttttttxt","Marathon"
"henrikG",55,"2EUR","h","htththtttthhhthhtttthtthhtxtthhhxhhthhhhthhtttththhtthxttxxttththttthtthhhhxtxxhhhhhtthttthhtththhtthhhthtt","Marathon"
"henrikG",56,"2EUR","t","tthttthhhhtxtthhhhxttththhtttttttttttthhhtthtxhtttthtxhhtthhttttthhhxtthhhhthttttxththxhhhhthttthttthhhthh","Marathon"
"henrikG",57,"2EUR","h","ttththhhthtthhthhttttththtttttththhhhthhhhtththhhhhtttxhthhttttthtthhthhtxhhhthtththhhtthhththtthxhttxht","Marathon"
"henrikG",58,"2EUR","t","hthhhhtthhxthtththththtttttxhhhhhhththtxttxtthtthxtthttxtttxhhththhthhtthtthtthxtxhhhtthhththtttthhhtthhhhttt","Marathon"
"henrikG",59,"2EUR","h","ttthtthtththhhhhthhthhhtxhhhttxhhhhthhttthhththhhhtthtthtttththhthththhhtthhhhthtttththttxttttthtthhhtt","Marathon"
"henrikG",60,"2EUR","t","tttthhhhhhhthhttththhtthtthttthhhhtxhttxtthtthththtthttthtthththhtthhtthttthhhtthhhhhthhtthhthhthhhhht","Marathon"
"henrikG",61,"2EUR","h","tthhttthhthhthhthhhxtthhthhhthtththtthtxhhtttttttxttttththxhhtttthhtxhthhttttththtthhthhxhtthhxhthxthtththth","Marathon"
"henrikG",62,"2EUR","t","ttthththtthhthtttthhhththhthhtthttttthtthhhthttthhhhhhtthtttthhhtttttttthhhhhhtththhtthtthtthtthhhtt","Marathon"
"henrikG",63,"2EUR","h","hththhhhhhtxhhtttthhtthtthhhttttttttthtttthhhhhhthhtthhhhhhtthtthhthhhhhhhththhhthtttthhthhhttttthhht","Marathon"
"henrikG",64,"2EUR","t","htththtthtttttthhtthththxhhthhhhttthhthththttttxhhthttthxhthhtthtthhhhtttxhthhhththhhthtthhtthtthhtttth","Marathon"
"henrikG",65,"2EUR","h","htthhhthttxttttxhtthhxtthhxthhhthhththhhhtthttthhhtttthhthttthtxhthhhthhthhtxtxxhhthhtthhhhtthhhxtthhthhhtthh","Marathon"
"henrikG",66,"2EUR","t","hhhhthhthhthtttthhhhhhhtthtthhhtthhhhhhhtthhthhhhxtthhhhtthhthhhthhthhttthhhthhthttxthhtthhtthhhtththt","Marathon"
"henrikG",67,"2EUR","h","htxthtthhhthxtxhttttththhtthhhhttxttthhhhthhtthththhhththhhttthhthttthxtxthhthttthtthtthtxththththtthhttttt","Marathon"
"henrikG",68,"2EUR","t","hhhhththhhttttthhthhtthhhttttthhtthtthxhtthhhtthhhhttxthhhtxtttttttthhhthtttthhtththhthhhhhtththtthtttt","Marathon"
"henrikG",69,"2EUR","h","hhthtthhthhhthhhtttthtththhtttthhhxttththhxtttttxhtthhxhxhhthhhththhhhhxxhtttttththtttttttttthhhhhxhthtthhhh","Marathon"
"henrikG",70,"2EUR","t","tththhthhtththhttthttxhttttttttthtththhthhtthhhhttthhttthhtxtthhtthtxhhhttthtthxtthhthhththhtttxhhhhtthht","Marathon"
"henrikG",71,"2EUR","h","hhtxxtthhthhhhthhxhhthhttttttththhttthhthttthhthhhhhhttthhhhhthhxhhxtthhhthhthhththhhhhtttthhhhhhththtttt","Marathon"
"henrikG",72,"2EUR","t","hhthhhttthhhthtthhhhhhthhhthhhhtthttthtttxttthhhhhthhthhhhhthtththtxthtththhtttthhthtttxtththhhxtttthttt","Marathon"
"henrikG",73,"2EUR","h","hhthttthhthththhhhthtttthhhhttttthttthhttxhhhththhhhthhthtththhttthtthtththhhhxttthtthhtthhhtttthhhtht","Marathon"
"henrikG",74,"2EUR","t","hhhtththhtthttththhtthtththttttxhhhhxtthtttththhhtttththxthhhhxththhhhttthxthhthhtthhtthttthtthxthhhthhtht","Marathon"
"adamF",1,"5ZAR","t","ttttthtxhhthtthhththhthhhhhhtthhhhhhhhthhttxtthhthhtthhxttttthhththhhhthhhxttxththtthhthhhhttttthhxttthhtt","Marathon"
"adamF",2,"5ZAR","t","htthhthhhhthhthththththhhttttthtthhhhhththhthhtttxththxhhhxhhtttththhhtthhththhhthhhhtttttthhhhhtthtttt","Marathon"
"adamF",3,"5ZAR","t","hhthhxtttthttththtthtthhhtthhhttthhthttttththxthtttthththhttthtttxthhttxttxtttxhthtthxhhxtthhhhththhhthhht","Marathon"
"adamF",4,"5ZAR","t","htthhxttthththhtttthhhhhthhhhtttthttttthhhtthtttttttttthtthtthhhhhthhhhhhtttthtthhtthhhhxhxttththhhhthtxth","Marathon"
"adamF",5,"5ZAR","h","hththhhttthththttthttthhthhhthhhhtxttthhxttththhhhhhhhhttxhhhhthtttttttttthhthththtththhhhthhhttthxtthhxtthhthhthhhhthh","Marathon"
"adamF",6,"5ZAR","h","txhhttthhhttxthxhxhhhthttthtxhhhttthhhttthhhhttthththhhhthhhthhhtthhhthhhhhhhthtttththttxhhhhhtthxhthhhtt","Marathon"
"adamF",7,"5ZAR","t","thhhthtthttthtthtttttxhtthhhtttxththhthhtxhtxhhtthttthhthhxthhthxtthtxththttttxttththhtthttththhhhththh","Marathon"
"adamF",8,"5ZAR","h","hhtxhhtxhhhhhxhhttthhthhhtthtttttththhtttthttxttttthtttthhxhtxhthhhhhhtttthttxhhtthhthhthtthhthttttxtxhhhh","Marathon"
"adamF",9,"5ZAR","h","hththhthttthhtthhththhhhthhtttttxthhttthththhhxhththtththhhxtttxhtthtxxthttttxttthhhhthxhtthhhhththhththttht","Marathon"
"adamF",10,"5ZAR","t","hhhxthtthttthhhhtththhthxthtththtxhhhhtxhthtxhthhhhhhhththhhhthtxhttxthhhhtxhhhhttttthttthhhthtxthththhhhhhht","Marathon"
"adamF",11,"5ZAR","t","thtthhhtxthhhhtttttththtthhhthhhhthttthththhhhtttttxthxhttthtttthhtthhhtthhttttxhhhhttttthxthttttththhtth","Marathon"
"adamF",12,"5ZAR","h","htttxthhxththtthhththtthtththhhthhthhtththhhhhtttthtxthhhhhttthttththxttxhhhttttthttttttthhtxtxthththt","Marathon"
"adamF",13,"5ZAR","t","thttthhhhxtthhtttttthtttttxhttthhtxthtthxtttttthhtthttxhthtthtttxthxtttthhtththhttttxthhttxtttttxhtttttthhthth","Marathon"
"adamF",14,"5ZAR","h","hthhtthhxhthhtthhhttttthhhtthhxhhthhhththxhtthhtxhtttttthhxhththxhhtthhhhtthhthhtthxtttthtttthhhththhhhththhhh","Marathon"
"adamF",15,"5ZAR","h","hthhttththtthththhththhhhtthtthhttthhthhtttthhhtxhtththhhttxtththhxthhttthhtthttthttxhtthtthtttthxhhhhttt","Marathon"
"adamF",16,"5ZAR","t","thhhtxthttttthttthhhhhhhhhthhtththhthtxhtxtthtthhthtttxtttthhhttthhthhtxhhttthhthtttthttthhxthhxhthhthtthttth","Marathon"
"adamF",17,"5ZAR","h","hhhththhtthhthxthtthtthttththhhhhhhhhhtxhhhttththhhhttttthtththtththxtthxtthttthtttttttxthhhtthhthhttthhhxth","Marathon"
"adamF",18,"5ZAR","h","thhhtxthhthhhthhxtthhhhhthtththhhththhhththtttthhthhhhhhthhxtttthtthttthhtttttttttthttthtttxttttxhthttthh","Marathon"
"adamF",19,"5ZAR","h","htthttxtttttxhhtthhttthtttxhthhhhhhttthhthtthtttthhhtthttthhhthttttthhhtththhhthtthhhthtthtthththhhtthtxt","Marathon"
"adamF",20,"5ZAR","t","httththhhhhhhhhhhhhhhhhthhthhhxthtxtthtthhtthhhhhhthhhhththtththhttxhthhtxthhhxttttthhxthththtthhthtthhxhhh","Marathon"
"adamF",21,"5ZAR","h","hthhhhxhhhtttthhtthththhthtthhhtttthhhhthtththxttxhttthhtthtthtttthtthxhhhtthttthhhhhhthhhhxthhhhhhtthttt","Marathon"
"adamF",22,"5ZAR","t","thhttthhhthhhtttthtthttthththhhtttththhhhhththhtttttthththhhhthtxttthhthhthhhthhhtxtthtthhtttxthhhhthth","Marathon"
"adamF",23,"5ZAR","h","hthhthhhhhttttthtthxtthhhthhthttthhhttttttxhtthhhhtttthttttththhtthhhhthtthtthhththhthhhthhthtthththth","Marathon"
"adamF",24,"5ZAR","h","tthhhtttthxhttthhhhhtthtthhhhhhttttttthttxhhxhhhhhtthhththttththtttthhhhtttththhtthtthththhhhhhhttthttt","Marathon"
"adamF",25,"5ZAR","t","thhththhhhtthhhtththhtthhhhhttttxthhhttththhttthhhhhhxttthhttxxxttttthhtthhhtxhtththththththhhhhththttthtttthttt","Marathon"
"adamF",26,"5ZAR","t","tththhhthhhhtttthhhhthtthtththhttththttthhhhthhhtthttxhttththttxthtttttthhttthhxtthxttxthhhxhhttttth","Marathon"
"adamF",27,"5ZAR","h","thtttxhhhthttthhtthtththtthtthhthhththhtxhhhtthhhhhtthtttttthhthhtththhhthtthhhtthtthhtxthhhhhhthththth","Marathon"
"adamF",28,"5ZAR","h","thhhhthtthtthttthhtxhhhthhhtthtthxhthhhhhttthhttthhhhhtttxhhhhhttthhtttxththtthhthttxtthhhhhhthhtthhthhtt","Marathon"
"adamF",30,"0.05EUR","h","hthhtxhthtththhhtxhhtthhthttttthhhhththhhhhhtthhtttthxttxtthhhhhhxtthhttthhtxtthhhhthhhththhhtthtthhxthtttt","Marathon"
"adamF",31,"0.05EUR","t","hhtthhthttththhtthtxtthhthhhhhttththhththxhhhxhtthhhhtthtthtthxhhthhhtttthhhhthhhhhthhhhhhhttxhhthhhhhtth","Marathon"
"adamF",32,"0.05EUR","h","hthhhtttthhhtthtthhhthhhhhhttttxhththhhtthhhhhtthhhhhthtthhthhhxtttthtttththhhhtthhhhththhtttthhhhhhtt","Marathon"
"adamF",33,"0.05EUR","t","ththhhhthttttthtthththhttthttttthtxxhthhthhthtttththhhthhtthttthttxhtttthtthhttthhhttthhhhthxxhhhhthhtth","Marathon"
"adamF",34,"0.05EUR","h","thhththtxhhthxthhththtthhhtthhthtttthhhhttthhhhhthhhhhhthtthhtthttttthhxhthhhttttthhhxtthhttxxttthttxthhhht","Marathon"
"adamF",35,"0.05EUR","t","hhhhhttthhtththhhhhhhthhtthththtxhthhtthttthtthththhhththhxhttxththhhhhttthhhhtttthhhthhthhttthhtththhh","Marathon"
"adamF",36,"0.05EUR","h","thhhthhhthtttttthhthhttththhtttttttthtttttxtthhhhtthtttthhtxhththhttthhhhtthhththhhhhhthhtthhthhttthtt","Marathon"
"adamF",37,"0.05EUR","t","hththhhhththhhhhtthhttthtttttthhhtttttthhthtttththhxhhhhhhhtththhtttttthxhttttthhhhhttthhhhtttxttxhhhhtth","Marathon"
"adamF",38,"0.05EUR","h","hxhhhtthttxthtttxthhhhththtthhhhhtthhttthhthhhhhhhhthhhhhhthhthtxhthhtthhtthththtthttthhthhhxttththhttthht","Marathon"
"adamF",39,"0.05EUR","t","hthtthxtthhthhhhtxthhhhhhhhxhhthhttttttttttttttthhhxhttthhttthtthhtthttthhhtthhthhtttthttthhtthhtthtthhht","Marathon"
"adamF",40,"5ZAR","h","hhthhthtxhtttthtthhhtththhhttttttttthtttthhthhhhttttthhhthhthtthhhttthtththhtttththttthtttthhthhthtthttt","Marathon"
"adamF",41,"5ZAR","t","tththhhhttttxhththhthhhthtttttthttthhhhthhhhtththhhxhththhxhthtthhhttththtthxthhhhtthhhhhttthhhthhhhhhthh","Marathon"
"adamF",42,"5ZAR","h","thhthtttththhhhthhhtthhhtththhhhhttththtthhhhhhthhtthhhthhthhthhhhtttttththhthtthxthhtthhxxhtthtxhhth","Marathon"
"adamF",43,"5ZAR","h","hthhhttthhhththhhtthhhhhhxhhhhttthtttthhtxhhttththtthhthhhthttthtxhthhhttttttxhtttttthhhhttthhhtthththhhh","Marathon"
"adamF",44,"5ZAR","h","thttttttththhthtthhtthttthxhhhthhhtthhhttxttthtthhhhththtttthtxhtxhhthhhthhttttthhhhththtthhthtxhtthh","Marathon"
"adamF",45,"5ZAR","h","htthhhttthtthttttthtthhthtttthtttthtthhhhhhtxtthhhhhtthhhhtthhhhthhtthtxththhhhthhxththhhhthhthhhhht","Marathon"
"adamF",46,"5ZAR","t","ththtttttttthhhthhhhhtthhhtththhhhhhttththtthhhhhhthhtthththhthhthhthtttttttthhhtthxxthttthhxxhtthtthhth","Marathon"
"adamF",47,"5ZAR","h","httttthtthtthtththhhhthxtthhxhhhhhththhtththtthhtthttththhtthhhhttthhthhhhhhhhthhxttxxhttthhhhhttthtthttht","Marathon"
"adamF",48,"5ZAR","t","tttthhhhhthththtttthhthhxhhxhthttttxthhhttthhhttththtthththtttttttxthhhhhhhhhhthhtthtthhththhthtxhhhxhtthhth","Marathon"
"adamF",49,"5ZAR","h","thtthhththxtthhhhthtttxhthhxhhhttthhxtthhhtthhhhtxthtthhthttthxhhtthththxthththhthttthhthhttthxhtthxh","Marathon"
"adamF",50,"5ZAR","h","ttttthttthhhthttttthhththttttttttththhhthththhtthtthhhhxhhthhhhhttthtththhhhtthtthttxhhthhhththhthhh","Marathon"
"adamF",51,"5ZAR","h","hhhttttttthhththhtthtxhhtttthtttthhhxththxhttthhtthtthhhhxhtthththttttthxhhtththxhthhthhhthxttttthhhhhh","Marathon"
"adamF",52,"5ZAR","h","ththttthhtthhtthththhtththtthhtthtththtthtthhththhhthhthhhthtttxhthtthhthttthththxhhhhhtthhtthhthhthh","Marathon"
"adamF",53,"5ZAR","h","tthtttthhtthhtthhtthhtthhhxhtttthhthhhhthttxhththhthttthhhhtthttththtxttttthxhhtttthhhtxtthtthtxhhxthhxhthhthhtxhttthtthtthhh","Marathon"
"adamF",54,"5ZAR","h","hhhtthhtthhhhtxtttxtthhhthhhttthhhxhthhttttthhthtthhhhhtttthhtxhhthhttthtththhhhhhhhxttthtthhhtthtxtt","Marathon"
"adamF",55,"5ZAR","t","hhhxtttthhthhtttttttthtthhtthhthttthxhxttthhthttthhthhttthtthtttththhtthhhhthhhhhhhthhhhttthhhhthhhhtt","Marathon"
"adamF",56,"5ZAR","t","hhhthhtthhhhthtththhhththththhhthttttthtthxhhhtthtththtxxhxtthhthtthtthhthhtththhttthtttthhhththxtht","Marathon"
"adamF",57,"5ZAR","t","tthhhthhhxhhthtxttxthhthtxthhtxttxhththhthhhtthtttttttttthhthhtxtxhthttthhtthttxxthhthttttthttttttttththhh","Marathon"
"adamF",58,"5ZAR","h","hhttttthhhhhhtthttthttttttthhtttthththhhthhhthhtthththhtthhhththhthtthhtthhhttttthtttthhhththhthtttt","Marathon"
"adamF",59,"5ZAR","t","hhhhhhthtthtthhhthhhhhtthhhhxhthtxhthxhtthtxtththhhhhhhhhttttxhhttththhxtthhxhhtthhthhhhthhhtttthtxht","Marathon"
"adamF",60,"5ZAR","t","htthhhttthhttttthhhhthhthtththtthhhhtthhhthhttthhhhtttthtthhhhhhhhhtththhhhthhthhhhhhttthhhtttttxhtxhtthhhthtthtth","Marathon"
"adamF",61,"5ZAR","h","thhxthththtxhttttttttthttttthhhhxhtttththhthtththtthhhhthtthhthhthhxhhttttxhtthhhhthttttthhhhtxtxhttth","Marathon"
"adamF",62,"5ZAR","h","httthhhhttthhhththtththhthhxhtthhhhhhxhthhhtththxthhhxhhhhtthhhhththhhhthhtthhthhhttttthtththhtxtthhhhht","Marathon"
"adamF",63,"5ZAR","t","hthttxttthttttttthhhtttttttthtthththhhxtthhxthtthttththhhttttthhhhththtthxhtthhthhtttthtthtxttthhhht","Marathon"
"adamF",64,"5ZAR","t","thttxtthhhhtttthhhttthhhththhhhthhtthttttthtthttttthxhhthtxxthhhhhhhtttthththtththhhthhhthhhththhthh","Marathon"
"adamF",65,"5ZAR","h","tthxhhhthhthhhhttttxhhthtththhhtthhthhhtthhxthtttttthhttxhtthhhhhthtthttthhttthhhhhhhxtxhhthhhtttttt","Marathon"
"adamF",66,"5ZAR","t","tttthttxhhxttttthhthhttthxhxhhhtthxttxhtttththhhhthhtttttttththththhhhthhhtttththxthttthhththhhtthhthh","Marathon"
"adamF",67,"5ZAR","h","hhtthhttttttthhhhtthtttxhhhttththtttthhhththhxtxhhtththxththhhhhttthththhhthththhhtttthtthhttxhhhtthtt","Marathon"
"adamF",68,"5ZAR","t","hhhthhthhthtthhhthhtthtxhhttxthhhtthhhthhthtthtthhhhxhttthhhthhhtxhhthhhhhthhhhtththttthxhhhtttthttt","Marathon"
"adamF",69,"5ZAR","t","tthtthhhhhtthxtttthhtxttthhtttthtttthttththttthhtxtthththththxhhttttthtthtthtthththtthhhhththttxthht","Marathon"
"adamF",70,"5ZAR","t","thttthttththhthtthhttththtthhthhtthhthhhthhthhthhhhtthhhhthxhthtthhhhthhhhhhhxhtthththttthtthhhttxtht","Marathon"
"adamF",71,"5ZAR","t","ttthhthtththtthhthhhhhhthtttxhthhthhthhhtthhtththttthththhttxttttththtthtthhhtththttxttttthhtthhxtttt","Marathon"
"adamF",72,"5ZAR","t","hhtthhhxthhtxtthhthtxhththhhhhhthhhhhhhthhhhhhthhhhthhhthtxtththttttthhthttthhhhhhhthtxththhhhthhtthxh","Marathon"
"adamF",73,"5ZAR","h","tttttthhththtttttxthhhttththhhhhththhhhthttththhthtthhhhtthhthtthtthhhtthhhthhtththhhtxhhthththhtttxh","Marathon"
"adamF",74,"5ZAR","h","httththhhthhxttthhttttththhthtttttthththththttthhhtxhhhthtthttthtttthhthhhththhhthhhhhhttthhhhhthhhxtt","Marathon"
"adamF",75,"5ZAR","t","hxhhhthhhhtttthhhtttxthhhthtxthtttthhhhthxxthhhttthttttthxhthhthtthxhhthththttttthhthhtthttththtthhhhtt","Marathon"
"adamF",76,"5ZAR","t","hhthhhthhtththtttthtttthttxtttttthttthtxxththhxhhhhhtxhtttxtththtthttttthhhxhhhhhhtthhtthxhhhhhtxhhhttttt","Marathon"
"adamF",77,"5ZAR","t","htttthxthhhhxtthxtthththhhtthtthhhhttttxhtthththxttthtttththhttthhtthtttththhthhhhthtthhththttthtthhhh","Marathon"
"adamF",78,"5ZAR","h","thtxhtttthtththhtxtththxhththtthhthtththhhhttthhhtthhhttthttttttthhththtthhththhhhtttthhhthtthththhhtt","Marathon"
"adamF",79,"5ZAR","t","thhxthtthtxhhhhhhhtthhhhxhhttthtthhhtthhtthhthhhxhthttxhththttthhttxthtxttthtthhhhhhhthxhhxhthtxthttthhht","Marathon"
"adamF",80,"5ZAR","t","hthhxthhhtttxttttthhhththhthhhthxtthhxhthhhtttthtthhtttthtthtttttxttttthttthhhthhtttththttththhttthhhht","Marathon"
"adamF",81,"5ZAR","t","hthhhhthhtthtththttththhhhtthhhxhhttxthttthththttttththththtthhthhhthtttttttthhtxxttttxtthhthtthhtht","Marathon"
"adamF",82,"5ZAR","t","htthhththhththhththtttthttthhhthtttthhttthtththtxtttthhtthhtxhhtthhthhthttthhhththhhttthhtthtthxhhhhhht","Marathon"
"adamF",83,"5ZAR","t","hthtttthhthhtththhthttthhhhtttthhthhhtttttttthhhththththtthttttttthhhhhthtththththttttthhttxthhxttttttht","Marathon"
"adamF",84,"5ZAR","t","httthtttttthhttttttthhtttttththhhhhtthtththhhtthhthhtxhhthhhxtthhhhththhhhhthhhhthhthththhhttththhxhthtthtt","Marathon"
"adamF",85,"5ZAR","t","thxtthhtththhhxhhhttththtthhhththhhttthhttthhthtthhththttxhtthhhhhtttxhhhthtttthhtttthtthhthtthtttthxhh","Marathon"
"adamF",86,"0.05EUR","h","h","Marathon"
"jillR",1,"0.20EUR","h","ttxhxhhhtxthxhtxhtxtthhthhtthxthhhhttthtththxhxttthhhtthhthhxttthtthxtxtthttthhtxthxthxhhxhttttxhxhttxhhhxthttthhhhhhht","Marathon"
"jillR",2,"0.20EUR","t","htxhttxtxtttxhhthhhthhhxhhttxhhhthxxhttxthhthhtthhxttxthxthhhhxthhhthhxtxtttthhhhhhhtththhtthtxxhthtxtxhhhhthtthhhthtxxh","Marathon"
"jillR",3,"0.20EUR","h","hhthttthhhhhtxhhhhhttttthtthhhhhhthttthttxtthththhttttttxthhthxxhxttttthtxhxxxhhhtxtthttxttxhtxthxhthttthhhhhhtt","Marathon"
"jillR",4,"0.20EUR","t","thththhhhhhhtthtttttthhtthtthhthhxxtxhhxhthththhtthtthththhhtttttttxthhttthhhhthhhhhhhtxhttttthhtxthxhhhhhtxh","Marathon"
"jillR",5,"0.20EUR","h","xtthtthxhttxtthtttthhthxtthhhthhhttthtthhxhthtthhhhttthttxtthhtxhtthhhhxthhttttthhhthtxhhhttthththhxtththhtth","Marathon"
"jillR",6,"0.20EUR","h","hththhxthhttxthhthththhhttthhhthttthhhtxtthtthhhtthhtttttththttthhhhththtththhhthhhthththhtxhhthththhhh","Marathon"
"jillR",7,"0.20EUR","h","tthhhhhtththxhthtttxththhththhhhhhhhthhhhhthhhttthhhtthhttttthtttthththhthhhtthtththhtttttthxxhtthhhhxt","Marathon"
"jillR",8,"0.20EUR","t","htththhhthhhthttttthtthhhhhthhhttthhthhtxhtttttthththtthtthhhhttthththhhxhhhhxththhththhtththtthhthhxtt","Marathon"
"jillR",9,"0.20EUR","t","hhthththttthtthtthhthhthtttthththttthhtxhhthhthhtthxtthtthtththththtthttttthtttththtthhhtthhttthhhttt","Marathon"
"jillR",10,"0.20EUR","t","thtthtthxhhthttttthhhthhththhthtththtthhtthtthhhhthhhhxxhtthtxhtxtththhhhthtxhhhthhththththhthtttttttthh","Marathon"
"jillR",11,"0.20EUR","h","hhhhtthttthhthtththhhhtthtththtthhhtttthhhththhtxthhhttxttthxhtttthhtthhhtththxhtthtttxxhthttthhhxtthhttht","Marathon"
"jillR",12,"0.20EUR","t","tthththtthhxhhttthtthhtthhthtttxthtxhhhhtthtxhxhhththhtththttthttthxhhhtthththtttthxhhthtxtttthhttthhxxhhthht","Marathon"
"jillR",13,"0.20EUR","t","httttthtxhttttthtttthttthhxtthxhhthhthththhtxthxhhhxhhhtthtthxhhtttthhtxthttthxhhhhtxhhhhttthhhhthttxhtxxxtttthh","Marathon"
"jillR",14,"0.20EUR","h","hthtthhhhttthhhtthhhtthttthxtxhhththtthhhhhthhthhthhxhhthhhhhthttthhhttthhxhtttxxhhhhhttthtxhhttttththhhttth","Marathon"
"jillR",15,"0.20EUR","h","tthtttthttttththhhthhhttxhhththtththhthhthhxtthhttthhhhthtttthhhhhhxththhhhttththhttttxhhxthttttththhttt","Marathon"
"jillR",16,"0.20EUR","t","httthhttttttxhttthhxthttxtxhtthttththhttthxhththtttttththhhhhhhxthtttxththhhthtthtththhhthtttxthhhhthhhhtht","Marathon"
"jillR",17,"0.20EUR","t","ttthhttttxhhthhtthhhthhhthxhhthhtthtthhhtthhtttthtttthtthhhthtthhhhttthtthttttthhthhtttxhhhthhthttthtxhtt","Marathon"
"jillR",18,"0.20EUR","t","htthttthhhththtthttttttthhhhxhhhhtxhhhhthhhhhhhhhhthhtxttthththttttthtttttthhtthhthhththtxthtthtttthhtth","Marathon"
"jillR",19,"0.20EUR","h","htthtttthtthtthhttthhhttthhhththththhtthttxhtthxtthhhtthxhtthtthhhthhhththhhhtthtttttthhtthhhtxtxhthttxhh","Marathon"
"jillR",20,"0.20EUR","h","ththttxtthtthtttxhthhhtththhhttttthththttttthhthttthhhhttxtxtxhhhtxhhhhthxttxhhtthtxthtthhtthtttthxhhthtththt","Marathon"
"jillR",21,"0.20EUR","t","tththtthhttthhththhttttthhthhhhhhtttxhhxthtthhttxthhhhhhtthhththtxthhttthhhhthhhthhhhtxhhhthtttthhhtthhht","Marathon"
"jillR",22,"0.20EUR","t","hhhththhhhhhthhhhtthththhtthhhthtthhhhhhhhhthhhthtthttthhhtxhtthhthtttthhhtthhhhxhhttthtthtthhhtxthhhhh","Marathon"
"jillR",23,"0.20EUR","h","hhhthhttttthhtttthtxhtthhttththtthxhhhhhthxthhthhhthhxhxhhttxthhhhxhtttttthththththhththhhhxhxthtthhthtthhtth","Marathon"
"jillR",24,"0.20EUR","h","xhhhhhttththhhtttttxhhttthtththhhhtttthttthhhhthhthttttthhxthttththhttthtththhhththhhhhhtthhttthxhhththt","Marathon"
"jillR",25,"0.20EUR","t","hthtththhxtththxhttxhhhhhttthttthhhthhhxhhhhttthhhthxhttththhhhhxhhhhtthttxhhhhtttttxhhthtthttthhhhhxthhxhxxttt","Marathon"
"jillR",26,"0.20EUR","t","txththhhttththththhthhxhhhxthhhthhththhtxtthhhhhxthhhthhtttttxththtxhthtthhhtthhthtthhtttthhtthhhtxthhhhthxtt","Marathon"
"jillR",27,"0.20EUR","t","txtttthhhhhxthhthhtttthxhtthhhthhtttxhhhthhhhhhxhhhhhhttthxtthxxthtttththththxtthhhhttththhthhthxhthtttththttt","Marathon"
"jillR",28,"0.20EUR","t","tttthtthhhthhthtththtxththhttxhthttthtthtthhhhxhhtttththttthttththhhhhhthhhtththttthxhthhthhththtxtthhxhhh","Marathon"
"jillR",29,"0.20EUR","h","hhhhtttthththhhthhtthtxhttthtxtthhttttxththtthhhtththhtttthxttthhththtttttxhthhthhthtttthttttthxthtxxxtxhxtthxhtht","Marathon"
"jillR",30,"0.20EUR","t","hhtttxtttthttththxthtttttthxhtxhxthttthhttthtxthhttthhhhttthtxtththhhhththhhttttxttththhthtxttttxttthtthtxhttth","Marathon"
"jillR",31,"0.20EUR","h","tthhxthhhtthtthhhxxhhhhththxhhhhthththhthtttttxxtxthhhhhttttxhttxttthhthtttthththtthhhhhtxthtthttthththtththh","Marathon"
"jillR",32,"0.20EUR","h","tthtthhhhthtthhttxhhtthtththhhhtthhthhthttxtttthhthhthhhxhhtthttthhxhtxttttxhhtththththhtthxtxthtththttthxhtt","Marathon"
"jillR",33,"0.20EUR","t","hthhhhhhhhtthhhttxttxhhhtxhtthtthxhthttthhthxhtxxhhxhhhtttxxththhhthhthhhhttxtthtttxxhthhhhthttthhhhthtthtthhtth","Marathon"
"jillR",34,"0.20EUR","h","hthhthhhtthhttththtthhhhhthtthhtxhhhtthtthhhttxthtxtththhtxhhxththhttththtthhtxhthhttxhhthtthhtthhhhhhhhhtt","Marathon"
"jillR",35,"0.20EUR","t","hhthhththhhthtthttxthhhhhtthhtthttthxthhhhhthxthhxhttthxthhhthtxxhxhthhtthtththhttxhthhxxthhtxtthhttxhhhhhh","Marathon"
"jillR",36,"0.20EUR","h","htttthhttthtttththththtxththhtthhhhththhxthhhthttttthhhhttthtxhttxthtththhthhxhhtttthxhxhthhththhhhttthhth","Marathon"
"jillR",37,"0.20EUR","h","thhththtthttthxhthhhtththttthhhthhhhhhhhtththttthxxththtttttthhthhtththhththhtthttthhtttthtthtxtttthhthh","Marathon"
"jillR",38,"0.20EUR","h","xhthththththttttththhthhhthhhtthxthhththhthttthththtxthhhhhhhhthhtthhththxhttttthhtthhhhthhtthxtthhhthhttt","Marathon"
"jillR",39,"0.20EUR","t","txtxhhhthxthhttthhhhhxhttxththttxhhhhhtxhxhhhthhhtthtththxhhtxhhhhthhthttxhhthhthttttttthhxxthhhtthhhhhhhthtt","Marathon"
"jillR",40,"0.20EUR","t","tttthhtttthhhthhttxhthhhttthtthtttthhxthttthhhtthxthhtthtthtthxthtthhtxhhttttthxthhhhtthttthhttthhxththhthh","Marathon"
"jillR",41,"0.20EUR","h","thhxtthhhthhhhhhhxhhttthtxthtthxhhtththhhhhhtxtthhhttthththhthtxhtxhxttthhhhthtthhhtttthxthhhthhthhthtttthth","Marathon"
"jillR",42,"0.20EUR","h","hhththththttthxthttthhhtthhhhhhthththttthttthhtthttthhtxtthxtxhhttttththtthxhttttththhthhhthhxthhhtthtttth","Marathon"
"jillR",43,"0.20EUR","h","hhhhxhhthhthhhtxhhthttttxttthhhhxththhhhthhthttttthtthtttttththhtttthtthttthhthtxtttttxtxthththhtththhtthtt","Marathon"
"jillR",44,"0.20GEL","t","ththttthtthhththhhhhttttttthttthtththttthxhtthttthhxhxthhtxthhtthhhtttthhhthtthhhhhhhtttththththhhtthxhht","Marathon"
"jillR",45,"0.20GEL","t","hhttthhhhhhthtttthhtththhthhhtththttttttxtthhttthththhhttttxtthhhhththtxtthtxhhxhxtthtttxhththtthtthxthttthth","Marathon"
"jillR",46,"0.20GEL","h","hhhtthttthtthhhthhhhtttthhhthththhxhhhthtthttthxhhhtttttthhhxhthxxtthxhxhhthhhtthtttthtttttttththhtthhhtthh","Marathon"
"jillR",47,"0.20GEL","h","xhtththhtthhhtttthttthhhhhhxtxhhthhtxttxhhtttthttthttthttthhxhttxthhtthxhtthhxththhhhthhhthtthhhhhhhhthhhthht","Marathon"
"jillR",48,"0.20GEL","t","hhthttthtxhhhhhthhxhthhhthtxhtttttttxthhhxtttthxttththtthhtththhhthtthhthhhhtxttthhtxhtttthtthhhthhthxhhththht","Marathon"
"jillR",49,"0.20GEL","t","hhhthtththtthhtthhhhhhtthhhhhxthxthtttthhxhhhttththhtthttthtxthtthhttxttthhthxhthtthhththttththhxthhthttthh","Marathon"
"jillR",50,"0.20EUR","h","hthhhhhthxththhhththhhtttthhhhthtttttthhthtthxhhththxthhhhttttxhhhtththtthththttttxttthttththththttttthhh","Marathon"
"jillR",51,"0.20EUR","h","thhthtttthhttthhhhhhhhhhhhhthtthhhhhxthhththhhhtththxhhtxhthhhxhththhthttthtxttttthhxththhtthttttthhthhhht","Marathon"
"jillR",52,"0.20EUR","t","hhthttxhhthtthhtththhhtxtxhhthtthhtxthhtthtthhhthttththtththttxhtthhhthhthxttththththhthhttttthhtthththhhh","Marathon"
"jillR",53,"0.20EUR","h","thhththttttthhtthtttttthhhtttththxhtxhththhhhtthhthhxhtxhhtttthhhhthtthhthhttttththhhtththhtthhtthhhtttt","Marathon"
"jillR",54,"0.20EUR","t","xhxhtthhtthtttththhttttthtthhthttxthhtttthhhhhththhthhhhtttthhttthtttttthhthxththhhttttxhhtttxhttttthhhhh","Marathon"
"jillR",55,"0.20EUR","h","thhhxthhttxhhhhtthhthhhtthhhhttxtttthhhhtttttthtthhhhxtxhhhtthhhhththhtthtthtttxtthtxttthtththhtthhtth","Marathon"
"jillR",56,"0.20EUR","h","tttttththhhhththtthhthtttttthhhthhhhhthtthhhhhhthhhhtthttthhhthtthhhxhhtttttttxhhhhhhtthttthtthhtthhtt","Marathon"
"jillR",57,"0.20EUR","t","htthhhthxthhhtthththtthtthhhtthhtttxthththtttthttthhhtthhhttththxtthhhhthhtttttthhhxthxhhthxhxhttthhhhthttxh","Marathon"
"jillR",58,"0.20EUR","h","tthhththtthtttthhhhhhthhhhhhthhxttthttthhhxthtthhttttthhttthttthtthhtthttththhhhhthhthtththhhthhhhthhh","Marathon"
"jillR",59,"0.20EUR","h","ththtthhhhthhtththtthtttttthhhttthhxhhthhtththtththhhtthxhhxthtttthhhtttthhtttthhtththtthttthhhtttxttthh","Marathon"
"jillR",60,"0.20EUR","h","httttthhtthhhhhhttthhhhhtthtthtxttttttttttthhhhhhhtthttthttttthhttthtttththxhttthtthtthhhhhhhhhhttthxhh","Marathon"
"jillR",61,"0.20EUR","h","thhhttthhhthhthththtthtthhhhththththhhhthhthtththhthhtthhtththxthhhhhttthhthhttttthhhthhhtththhththtt","Marathon"
"jillR",62,"0.20EUR","t","hhtthhthttttttthtxhthtthtththhththhhttttththhhhthththtttttthhthhhthththhhhhxhhxtthtthtttthhttxhthtththt","Marathon"
"jillR",63,"0.20EUR","t","thththhttttththhttthhhhthhtttttttttxtthhhhhxhhhthhthtxtthhhhhhtttthtxhtttthhttthtttthhhtthhttttthhhthhtxt","Marathon"
"jillR",64,"0.20EUR","t","ttxhhhttththththththxththxhtthhththtthhhhththhhthxttttthhtthxttthtthxhtthhhhxhttththxttttthhhttththttthhthht","Marathon"
"jillR",65,"0.20EUR","t","ttththhhhtthtthhthhtththxttxhtxhthhttthttthhhtxthttththhhhhxtthhxhhthhthhhtxthxtxththththttthtttttthttthhtth","Marathon"
"jonasP",1,"0.20GEL","h","ththtththxhthhthhhhthhhthtthhthhthhhtttthhhthhhttthhhththxhthhthttthhthhhhhhhthhhhhhthhttthttttttthhh","Marathon"
"jonasP",10,"0.20GEL","h","thhhhtttththhhtttththttththhtthtxtthtttthtthhtthhhtthhtttthhhhhhttthhthtthttthxthtthhtthtththhttththh","Marathon"
"jonasP",11,"0.20GEL","h","hththththhththhtttttttttttththttthhthtthhhhtthhhhhhtththhhhtththttthhthtthtthttthtttttthtthttxtthttth","Marathon"
"jonasP",12,"0.20GEL","t","hthhtthhthxttttthhtththtthhhtthhthtthhhthtthhhtttthttttthhhttthttththttthhhhhthtthtthhtthhhttthhhthhh","Marathon"
"jonasP",13,"0.20GEL","t","htthhhtththtththtthhhhtthhhtththhhhthhthhthtthhththtthhthhttxthhththhhhttthhththhhtttthttthttttttthtt","Marathon"
"jonasP",14,"0.20GEL","h","htthxhthththhtthtthhhthhthhthtthhtttththhhhhthhhtttthtttttttthththhhhhtththttttthththttththhththtthht","Marathon"
"jonasP",15,"0.20GEL","h","hhhtthhhhttthtttththhhtthttthhtttxhtththhhhhhhhttthhtttthhhthtththhhhthhhtthtthhtthhththhtthttthhtttt","Marathon"
"jonasP",16,"0.20GEL","h","hxthhhtththhhttttthtttxthhttttthtthhttthththtttththtthhhhhthtthhhtthhhhttthhtthhthtthttthhhthtttxhhhhth","Marathon"
"jonasP",17,"0.20GEL","t","thhhthtthttthhttthhttththhhtthhhhhhhhhttththtthtthhththhthhttttthhththhthttththtththhthtttthhthhhhhh","Marathon"
"jonasP",18,"0.20GEL","t","hthhtthttthtthhtttththtthtttthhhxtthhthhhhhhhhthhthhtttththtthttttttthhthhtthhhhtthhthhthhhtthhhhtttt","Marathon"
"jonasP",19,"0.20GEL","h","hhhtthhttthhhhhhhhthtthtttthttthtttthhhhhhhhhhtthhththttttttthtththttthhtththtthtxhttttxhtthhhthhhthtt","Marathon"
"jonasP",2,"0.20GEL","h","hhtttthtthhthhtththhhttttthttthhthhthttthththhthttththhhthhthttthttttthhtthttthththhhththtthhhhttth","Marathon"
"jonasP",20,"0.20GEL","t","ttttththhtthtthttthttthttthhhttxhhhhthtthtthttthttttthhhhtttxthhthhthhhthhhtttththhhtthhthtthtthhtthtt","Marathon"
"jonasP",21,"0.20GEL","h","hhhtththtthhthtxththtththhtthhhtthththhhhttthththhtthhhthhhttthtthhththhhtththttttttthhhhthtthhthtthh","Marathon"
"jonasP",22,"0.20GEL","t","htthhhthhhhtttttthtttthttthhtttthtthhhtthtttthhhtththhthhhhhhtthtttthtthttthhtthhhthththhhttthttthxhth","Marathon"
"jonasP",23,"0.20GEL","t","hhtthhtththhtttthhhhhttthhhtttthhhxxxhhtthththththhhthththtthhttthtthtthhthttthtthtthhththhththhththhth","Marathon"
"jonasP",24,"0.20GEL","h","tththttttthtttthhhhhtttththhthhthhhhttthhthhttttthttthhthhtththtththtttttttttthhhhhthhtthtttttthttxhh","Marathon"
"jonasP",25,"0.20GEL","h","hthhhhhthtthhtthhtthhhhhhhhhhtthtttttthtthhttttthtthhhhhthtthththhttthtththhhhhhttxhhhtthttttththhtht","Marathon"
"jonasP",26,"0.20GEL","h","httthhhtthhthhhhhthhthhhhthhhtthhhttthttthhhthhtthhhhhhthhhttttthhththhthhthhtttthtththtththhtttthhxh","Marathon"
"jonasP",27,"0.20GEL","h","httthhhttththththhhhthhtttttttthtthhtthhhhthtthththtthththhttththttthhthhhthhhththtttttthththtththth","Marathon"
"jonasP",28,"0.20GEL","h","thhhhtthhtthhhthhthhhthhhhhhttthhhhhhthhhhhthttttthhthththhhtttththttthttttthhththhthhttthhththttttt","Marathon"
"jonasP",29,"0.20GEL","t","tttthththhthtthhtthhhthhhtthhththhthtttthhthhhtthttthhtttthhhhhhhthhthhhhhhhtxhthththhhthhhhtthtthhhh","Marathon"
"jonasP",3,"0.20GEL","h","hhhhhthtththhhhhttthhhhttththtthhhththhtttthttttxhthhhhhtthtthtthtthtththhthhhtttththtthtthttthhthht","Marathon"
"jonasP",30,"0.20GEL","t","ttthttthhhhthtttthtthtthhthhtththhtttthttttthhttththtthhhhhhthtttthhtthhhthhhtttttthtthttthhthhttttt","Marathon"
"jonasP",31,"0.20GEL","h","htthhhhthtthhhhhtththhhhthhththtthhtthhhhhtttthhthhhhhtthhhtthhhthhhhhhtthhtthhththhhhtttttttthhtxhhh","Marathon"
"jonasP",32,"0.20GEL","h","hthhtththhthhththhthththtthhtththtxhhttthhthhhhhththhhthhhtttthtttthhhtththhtththtthhthttthhhhhhhhhht","Marathon"
"jonasP",33,"0.20GEL","h","thhthhthhthtttthttthhthtthttthhhhhtthhhhhhhhttttththhttttthhhthhtthtttthhhhhhhhtthhhtttththhthttthht","Marathon"
"jonasP",34,"0.20GEL","h","tthtththxhhhhhthhhhhhhthtttthtthtthhhthththhhtthttthtthhhhthhtttthhhtththhxtthtththhhthhttttthhhhtthhh","Marathon"
"jonasP",35,"0.20GEL","t","thhttttttthhhhhhttttttthhthhhtthththhtttthtthtthhtttthhthhthhththhhhtttthhhhttthhhhtthttthtthhththht","Marathon"
"jonasP",36,"0.20GEL","h","ttttththtthttthttthhtthhhhtthhtttthhttththhtthhhtthttthhhhtttththhhhhhhthhhtttthhhhhthtthhththhttthh","Marathon"
"jonasP",37,"0.20GEL","t","hthhhththhtthhhththththhhthhththtthttttthhhthhhtthtthhttttttththththhtttththhtthtthhhhthhththhtttttt","Marathon"
"jonasP",38,"0.20GEL","t","ththhttththhtththtttthhtthhhhhhhhtththhtttthhhhhhttttttthhhttthtttthththtththhhttthhhhhtttthtttttttt","Marathon"
"jonasP",39,"0.20GEL","t","hhhhhttthhhxhhhhthtththtthhtthhthhhtttttththxttththhthttthhthhthttthtththhthhthhththhthtthhthtttttttt","Marathon"
"jonasP",4,"0.20GEL","t","thhhthhhtthhhhtttththttththtttttthtthhhthhhthhhtthhththhttthhttthhhxhthhhthhhtthttttttttththhhhhhtthh","Marathon"
"jonasP",40,"0.20GEL","h","thththhhhhhhthtththhtthttthtthhtthhtthttthhhtthttthtththttthhthtttthhththhthhttthththtthththhhthttth","Marathon"
"jonasP",41,"0.20GEL","t","ttthththhthtththhhhtthhhthhtthhthtthhttttthtthththttthtxhhhhhhththttthhtthhthththhththtththhhthhthttt","Marathon"
"jonasP",42,"0.20GEL","h","htthhhththttthttthhthhthttthxhhhtttttthtttthhhhthhhththttthhttthtttththhhhhthtttttthtththhhtttthhttht","Marathon"
"jonasP",43,"0.20GEL","h","tttthththhhhththhhtththttthhthhhhththhhttthhhthhttthththhhthhhththhhhhhhthhhhhhhthtttttxttttthhhhthht","Marathon"
"jonasP",44,"0.20GEL","h","thhhhtthhtthtthhhthhtttthttttttthhthtttththhthhhhthtttthhhhthhhttxhthhthtthhthhhthtthhhttxthhtthhtthtt","Marathon"
"jonasP",45,"0.20GEL","h","thhhtttttthhhhthhhhhthhthhhhhhhthxhthhththhththtthhhtthtthtthttthhhttxtttththhhhhthtthhthhhttththhthth","Marathon"
"jonasP",46,"0.20GEL","h","hhhhtthttttthtthhtttttthtxtththttttthhhhhhthttttxhhtthhhhttthhhhthtthhhththhthhthhththhhhhthtthhthhhhh","Marathon"
"jonasP",47,"0.20GEL","h","hhthttthhhhhhhthhththhttttththttttttthhhtttthtttthtttthtthhhhttthhtthtxtthhxhhthhthhhhhhttthttthhhhhth","Marathon"
"jonasP",48,"0.20GEL","h","hhththtthhhthhhhththhttthhhthhhtttttthtthhthhhtthhthhhtthhttthhhthhhththtxtthtthththtttthhththtthhtht","Marathon"
"jonasP",49,"0.20GEL","h","thtthttththhhththhhhhhhhtttththhhhhhttttttttthttthhhhhttthtthtthhhtththtththhtththththththttthhhthtt","Marathon"
"jonasP",5,"0.20GEL","h","hthtttthtththhthththttthhttttttththhtttthtthhhhhttthhththhtttttthhtthhtthhthtthtthttthhthhthhtttthhh","Marathon"
"jonasP",50,"0.20GEL","h","hhhhthhtttthhtththththththtttttthhtxhhhtttttttththhttthhttthtthhhhththhtttthtttthhthhthhhthhhhhhhhtth","Marathon"
"jonasP",6,"0.20GEL","t","hxththhthttthhhttthhhtthhtthhthhthhtttthtthhtthhhttthhtthhhhttthttthhhhhththhhhhhthhhhhthhhhththththh","Marathon"
"jonasP",7,"0.20GEL","t","hthtthttxthtttthhtthththhhxhhththhtthhthhhhhttththtttthhthhthhhthtthhhhhhxthxthhhhhtthhtthtthhtxtthhthhth","Marathon"
"jonasP",8,"0.20GEL","t","hhhttttthhhhthhtttthhhthhthhtthtthththttthtthttttthhhhhttttxtthtthttthhtththttthhtttthhthhhtthttthhhh","Marathon"
"jonasP",9,"0.20GEL","t","thttthtththhhhhthhttthhhtthhhhtthhhthhthhttththhhhtttththttthtttthhthhhttthtttthhhtthttthhhthtthtthh","Marathon"
